"","fam_back","ability","motivate","course","achieve"
"1",-0.184901739001668,95.3008598581741,62.7902124362943,4.3493336804011,38.6726189092885
"2",-0.14019539462027,107.468648914473,50.2554578441634,5.6964880983288,54.6336617326294
"3",1.35314506249461,99.2153614882525,46.1608694804727,5.38198513165186,46.737359941796
"4",-1.5308787078266,62.4952991168916,55.4761326307158,2.31944186739922,47.9357543957738
"5",1.40160909748565,116.075635218833,65.2935686162744,7.64245113485549,70.9741537212168
"6",2.10680124673967,96.9669577860148,56.0760606001708,4.03404909691271,45.1140819520436
"7",0.208164101730322,120.614948275492,65.6420315137737,3.95474546959315,57.0368379281051
"8",-1.10050984585838,94.1493141412934,48.6399001072563,4.94906368828683,43.9463727065335
"9",0.427413660292827,95.3270818284533,54.3765824331022,1.57179402788359,41.268530411399
"10",0.275809108248893,111.486986214134,70.820569218722,6.2010522729274,59.0395966766203
"11",-0.177135730257425,112.522136249171,58.7801661362107,3.68803884699764,58.4736203448543
"12",-0.159937237244807,104.573635232606,66.1044531638401,5.33844138540668,66.0441016424063
"13",0.151965100278768,77.4720984288524,53.2144102778094,3.9706930846636,42.4280545998979
"14",-0.876507025976224,97.2381181686729,46.9523411745257,7.36004781915853,48.2698779696098
"15",0.420117580658969,130.372437012947,54.424621473472,6.93886316988286,56.1871670823083
"16",0.198224285873417,78.6338189409755,46.3949722347531,4.38719047503524,55.5319914287929
"17",-0.903382406258548,95.3140110345097,46.7773881496378,3.07568081832855,38.7087730480423
"18",-0.300708901211949,81.5021129176878,49.5398599059103,2.14907328375146,24.2052670291446
"19",-1.03150495268044,93.3907693400719,51.563500347332,4.24767289567448,42.3791814217759
"20",1.63967528568094,109.114296762786,35.420133579389,6.31737716490566,52.6492509573769
"21",-0.645522570324604,92.4868917028365,43.261057360173,5.43832844213812,50.517649892187
"22",0.0709691344287511,96.3925879735578,57.4024545232923,5.42144339591695,45.9963114587975
"23",-0.677315516432484,101.366276565268,50.0242826598591,3.37961610925034,43.0298994168349
"24",-0.286505538066848,66.1225059116736,26.5781729154768,1.64090209423587,40.5610905126858
"25",0.735742118359,99.4590375412871,61.4118512362518,2.61263598147604,47.4046430367391
"26",-0.60945352766702,77.4472682166802,56.8313637286605,3.81325079284239,45.222877926193
"27",0.540846619271641,128.08991743084,60.1387637409802,6.88814633466661,68.3237145445315
"28",-1.21215821968087,96.1733915260667,53.645843547929,3.96111147400808,49.6843670809167
"29",-0.66150915520656,94.0701944308261,40.2348149065222,2.2110874896883,40.467265794514
"30",1.1809206480491,106.240717805315,73.0682205131288,4.78268250790195,46.2379955775238
"31",0.577754544520018,120.882025274077,51.6840503547107,7.30785396905351,67.8518847343297
"32",-0.391683950478537,59.7377651399645,34.6109316527872,0.886491781943138,32.4836365010408
"33",-0.00428349388127405,98.342789150751,58.5109834671883,4.37716647298589,39.652062992793
"34",0.912174880914416,101.649158431598,64.9155760590422,5.23909449806178,50.555823992056
"35",-0.563640718455261,69.3047046097022,56.8496166995414,3.91804901321523,41.2184288717237
"36",0.00450286300623187,91.6152884803423,60.934271310372,3.33286747805167,40.9335201739477
"37",-1.73532560781266,72.5723259608082,46.3252358591613,-3.21445572877108,39.1264193066704
"38",-1.46981594276676,78.1742918796562,48.415896201132,3.04638066271717,40.7597482324953
"39",-0.948612306499722,91.5707409302979,44.1528889239126,4.23043348713566,38.9746220675342
"40",-0.0741144206796395,118.677005546284,62.8174753622679,4.79166458517463,54.9287064417927
"41",1.15331312544523,107.94707125989,39.5024967523695,2.91426171455192,55.2966313547225
"42",0.158615580526657,73.7743361894288,52.6297484616215,1.93518459245342,38.2381360193817
"43",0.700727732935211,109.198102624692,71.4056226488204,5.73526694584077,51.3501696631789
"44",-1.34484058807482,102.245543290504,45.734378658182,4.58887698593595,47.7375009304521
"45",-0.919984878803224,97.9718162308205,52.8685983669517,1.73186493575153,57.9444760675682
"46",-0.531967180563258,110.884554514536,64.9481891320001,5.25944483520517,62.8868182990409
"47",-0.949791004906297,101.488465525133,55.6059840733381,2.27130942005435,47.9136010996522
"48",-2.42242579619387,78.2710535478229,36.9652074307026,0.847232673679014,30.9307349051994
"49",-0.0274688846455767,72.3590011982587,49.0088232757078,5.37222700293767,40.2070025265958
"50",0.960711933136388,97.5071123685717,65.294292459895,6.08816906511703,53.754689036011
"51",-0.66809632502118,79.7253541970181,57.599300842605,1.14407955480356,40.1112248976016
"52",-1.46776096125544,85.7760987480709,36.2662034029788,0.0861111937187959,38.8022955720555
"53",-0.72727884514018,97.4262120768727,50.1660773464432,-1.02626760035085,35.0826660975171
"54",0.252674802760726,88.9458760038334,61.5355638884464,4.09246347829817,53.6481392886958
"55",-1.68035207297624,103.893811151899,41.4014126331575,3.64328512358487,55.7434104538762
"56",0.274569431472567,113.448089762436,51.7996557135775,5.9659889339705,57.7573355993466
"57",1.1796930153509,115.440121580641,44.2849144978985,6.02761814410735,56.8367136709946
"58",-0.739613894626525,83.0689629662877,46.4770184397086,2.42620944907038,40.1041396699254
"59",0.228380483999648,94.8140864510368,29.5729767287809,4.70720634130964,54.5420919306094
"60",0.121462130119731,90.5841283168938,63.3182927649396,4.53933056086734,45.340103659396
"61",0.810883172821962,108.95402855754,51.1708313860345,4.58509507319941,67.8723892284423
"62",1.92318689258387,119.553839122847,38.5831564364866,5.80598958227867,60.2706182144437
"63",-0.056753165248907,84.6398427395859,44.2616405757923,3.8106745793456,46.2183309320354
"64",-0.790839131339059,72.942975562917,40.9891752594573,2.22681478726601,36.5454235680718
"65",-1.26615214161687,91.5719277460097,36.4324510318283,2.71190118221631,49.3431670636676
"66",2.1684025705531,103.989418423198,44.3774900268762,5.35070448425976,53.4815131364946
"67",-1.02626832876209,77.3692619118671,49.0873897123018,3.43311794012419,41.0027180825754
"68",2.06721499744048,116.85697059248,49.8229819221124,2.83383332912213,60.5195633346727
"69",0.92377953777636,122.64189289429,44.6552944590298,3.33426400660372,49.8809362281688
"70",1.15804040455488,111.131091584446,59.983181053881,5.79026099624029,61.7502710902686
"71",1.62095181174972,97.0637499426903,59.0949404953482,3.75720386113269,47.0981601460973
"72",-0.759544532886736,95.2838386646611,43.8517312784747,1.10621497279845,35.3350851646316
"73",-0.173996602959087,79.5589201856517,46.2125697157427,4.16441805280237,35.8296409681885
"74",0.959298164321406,96.428806401618,44.2888056016809,2.7439910952244,45.4324143736371
"75",1.44939990367704,130.241183523316,48.2067926637114,7.38218623634522,73.0205865771947
"76",-0.625096968782463,100.331756299437,48.7260215485312,4.77714537064922,50.1425702226219
"77",0.367322044202859,92.583593518849,68.8982312536759,4.34476887984388,54.638399676612
"78",0.251212501909793,113.336710566411,64.3457152623986,3.73756845415839,40.049231683634
"79",0.523860424581618,107.225577450819,50.8137923704851,3.29317299427977,45.1934970026595
"80",0.603272114143812,90.5434464755976,56.8302585088646,5.35169422486058,48.2064646192448
"81",-0.443073129500794,116.444074167148,57.6823225917568,6.20550056152723,50.3008904851008
"82",1.20289180028872,113.573477882376,71.7554890498363,8.0785284466318,71.6471261900222
"83",-0.461512914088726,92.5322180065539,60.270143966751,2.75788646451225,48.092565009435
"84",-0.00508515494846684,92.9984292061336,42.9600528993123,0.0588100742938242,36.1380065282345
"85",-0.353068784549763,105.789175268596,40.4398334106349,5.50271175274208,55.5551231105756
"86",-0.0775424301100336,92.1125238645638,32.5639980059209,0.941618595296564,47.3797584553471
"87",0.410279777076547,103.500663901699,50.6011837397359,6.33323323971286,65.1115864459353
"88",-1.00468570100199,66.7453882015347,36.3739724866302,3.57028674157382,43.2255496434383
"89",0.858680946800763,76.2507687269137,50.2740958020455,4.06426708471687,47.3364618170478
"90",-0.689190442120836,91.1925704360992,57.555557367496,3.90215963984028,45.8167359596731
"91",1.72550893044993,113.327344163774,66.2571483294689,3.56199887997341,60.3932378802496
"92",-1.86199774342119,93.1786668078367,28.6129535920315,2.14515210564985,50.1579976270725
"93",0.800842106320107,98.9800247818207,29.5803202472914,2.2682238223718,50.4366144242192
"94",0.383004352985925,105.719564699763,39.075795078544,2.73770485901678,52.6819872220932
"95",-0.979104572793822,89.5146394941277,40.7247701966943,0.837958315876049,37.4940264754839
"96",-1.28984273268739,110.51244613558,40.1131081540551,3.972094260705,60.9752634283326
"97",-1.75895878770346,91.3929048709105,50.0775831081141,3.99871692165037,53.0018026088218
"98",-0.219968371402525,100.9416168335,38.0318624896234,4.84945072983257,48.1321735130556
"99",0.236175692801672,98.684574558873,35.4564960106705,2.45866156632483,46.8829801142225
"100",2.09149528910082,120.611041934285,46.7421250248898,6.32086847393705,64.7974139093811
"101",1.35598201464323,96.475946996485,52.6645597419062,3.96352808811029,59.6162494746431
"102",-0.435909181952588,93.7820236587716,51.447524647709,4.53263528698322,43.8809249391473
"103",0.57102099551106,106.904518775471,58.4533215205175,6.08691611923086,57.8033686754804
"104",-1.73602672224143,80.0309796219663,30.9939087436894,0.137222116861608,26.8343361148745
"105",0.352105913777878,100.380947198066,64.6365034589137,5.21436376800449,44.2175002903048
"106",-0.57182625811528,110.761592702487,46.7984712303406,3.7692078960235,52.0140684295659
"107",-0.439337793922098,104.177841052907,62.0409272373909,5.23904265286278,55.5615715921521
"108",1.33145539759423,84.2415311928614,51.9868729223779,4.23857422481124,55.3077658981463
"109",0.188261856967136,105.035924708751,48.5944101134414,4.0597531076641,62.5377642212633
"110",0.497161738058969,93.8262984291997,52.3098770898432,4.30697134790324,52.6030107313776
"111",1.42436788389153,128.196747394049,75.810323501561,6.85790921063903,58.2761087396245
"112",2.24245402217478,100.331324574595,76.2424069394526,5.50223164845745,57.7255030563681
"113",-0.238149732291708,77.1157677640991,49.7701286757871,0.569352481314009,43.6556512052699
"114",0.802840106780497,118.734435824236,52.2958285477932,5.41952145897862,54.0491274924116
"115",0.0833869861667598,98.985000543071,49.4407825203439,3.87267117282903,50.8698823458823
"116",0.0833294113122374,103.248326605159,38.8456660602277,2.99478316615128,51.9410795323879
"117",-1.84200856842597,101.138706806384,60.3998024078914,8.03560425601757,56.05292574274
"118",0.852235236420957,105.384477866072,56.5691640026878,4.76424699000147,59.1188031578703
"119",-0.125468459925533,119.943892580063,47.3419380065888,4.42360167084459,56.7217867023199
"120",-0.936085883775974,90.9397663742407,36.6517685517873,1.34129951296583,49.6063700035827
"121",0.408526215502844,58.601085738344,40.366977008047,3.90437550525575,30.0826450152451
"122",-1.30883175374001,75.1696524156604,35.8311167876321,-0.177443051556049,32.5530253112726
"123",0.604343908933411,108.311386423793,25.9825203001418,1.76944782097134,52.9157076174286
"124",2.24403246258439,108.086037307899,60.8896531083936,5.97587396559388,56.2093923796506
"125",2.90367316947644,120.305909148328,59.0013562795587,8.23296343317662,65.1223679130154
"126",-0.492342517480374,110.854033494337,45.3617994335013,1.97597038181429,43.4395199498591
"127",-0.470025544228759,96.5727569548439,54.5254459966507,4.71811052374708,44.8642681788642
"128",0.244168499091689,86.4776868407419,73.0554802321632,8.16603381200887,46.0245321586926
"129",0.328539889571188,118.924610778647,70.5912565200776,6.30751991157448,62.9408844128347
"130",-0.0629988406073611,82.1764015712485,40.0996441335651,3.97552995784242,43.941531921286
"131",-0.586216580302586,98.7354074931617,31.1500527668812,3.56760140292298,49.2282196113148
"132",0.260759686128188,101.014061900329,46.020531513219,2.37383839038784,51.6044157373105
"133",-1.51835597173695,103.323142850717,52.4778636655793,1.74418744578595,49.5062066773378
"134",-0.326529707989281,117.434332721261,46.0110135271206,5.17222230314372,49.9657847968631
"135",-0.26332748629147,91.3810194192682,60.6935926032236,0.014391572474806,46.7954959483345
"136",0.758106660613143,111.82637447574,64.3376589906938,4.10378314282166,63.8635979200876
"137",0.856330186699122,91.3824884925736,52.5289093694888,1.27287066711671,46.3101843567677
"138",0.396061324520801,76.9112441901754,69.0243571137603,3.33950713499718,38.2025426815351
"139",-0.280402788467886,115.954906344759,42.2878902585888,5.03079663895619,49.6406863304838
"140",-1.31018343474789,100.044997492145,46.2250179076817,2.15336133749413,50.3171123719966
"141",0.796090391128962,85.7616919673254,55.6667794661018,4.70648233574484,44.9035931268009
"142",-0.00750332287915506,102.192377511892,32.5927878106198,4.16845290642012,59.5662542828764
"143",-0.0314684123510031,81.5499062141578,37.358289767289,5.37636360847695,54.778821410461
"144",-0.51769152058065,86.7959961273817,40.6129262253285,2.37581960833716,45.8671802804235
"145",0.458486736174177,126.474180697115,55.5181800393745,4.73100644536787,47.3074553280471
"146",0.750869745712711,126.880791511621,59.6379090924384,4.56360528553676,61.8035276979859
"147",0.494505432248982,122.754859954966,42.798613258911,6.29216436721377,68.4199347816862
"148",-0.394543897342314,112.000247808386,47.5518092512861,3.87367635888919,60.4319686908974
"149",-0.219641178345622,95.2917813472397,42.9496446310238,6.1647344821343,44.8627907639399
"150",0.807910688115131,119.413941145087,62.6375687640448,7.27118269858229,66.5996884230437
"151",0.470029206978086,88.6824510372148,58.3336313287651,6.53760557774875,56.3758029902306
"152",0.0126658229733957,93.0346431260922,46.7819290028833,4.63102463850728,42.9925369660182
"153",1.69287008269266,133.567383236567,56.0178931289738,7.19005056952403,66.389448138964
"154",-0.47973773554941,90.9053298208871,52.0188019007519,2.21725055744496,44.0171625711493
"155",-0.821451532098499,85.926907390887,34.2939779084876,1.65362979067336,49.1098646995825
"156",0.780380073982866,139.963109494166,57.0414502799387,7.88646151164534,74.7995484143289
"157",-0.66872317889979,85.1486443402902,43.4783990181172,3.80913312443372,57.2666954991952
"158",-0.974420638456005,76.1271770838356,47.2110654224058,3.05700502189753,38.5019478287057
"159",-0.511330338156047,81.3337145928716,43.8133974364384,-0.816826772537121,39.8799123346591
"160",-0.646689293789706,88.406128930311,39.043483358749,-1.0159025242291,49.7385059675101
"161",-0.520578011973832,100.447922402274,51.9467223648767,0.368402128608451,49.6283873581399
"162",0.482525994423761,81.7019391906672,51.4258164242927,4.90943929335016,42.3252344149118
"163",0.0942717983748253,114.08017627799,58.2729210491591,2.5002029118283,54.08657724454
"164",-0.749618110931966,97.924276345865,45.0707169800684,3.48146363112903,41.1951358161836
"165",0.311267884837954,86.0794241539681,35.8136571084538,0.358794344205404,39.6524759074782
"166",1.59877155433451,85.475298917649,48.3395164390852,4.45953663366156,52.2186053747397
"167",0.601345906010208,98.4876754371284,34.8468276934298,6.31118285249867,56.0199248891411
"168",-0.852019826055033,91.0158463971583,41.5485065306175,3.73246556184013,51.868544484355
"169",-0.198427048450772,123.198547349102,60.8837386110798,4.21706143929119,59.5134025095508
"170",0.417587203907608,114.550349794648,39.4138028196977,4.97255978691461,53.9416543873156
"171",2.06683857761879,111.81833766986,47.0615237954936,4.96756726461927,62.3419648760996
"172",-0.341543984895567,105.850656792321,51.0175720015634,5.6054378427403,48.6379429540834
"173",0.00323975434257315,104.000977680381,51.7098755587208,1.49268820379404,52.7620271951153
"174",-0.700383451380197,93.4585158326293,67.1048370741815,4.57096357497553,37.4355236930154
"175",0.335915785460505,102.942844278999,37.7107007444711,6.02396304209657,58.4614840384432
"176",-0.594468404717146,112.890425372598,59.9168570659563,3.28412666304533,52.5057566577001
"177",-1.61909377322777,94.8999402858375,52.6488138609222,4.45476901871483,51.76214244744
"178",3.06592615419614,143.553825534291,50.3051753644894,7.15534814764999,73.6014180009779
"179",0.760261757785077,97.6413196462364,52.2478904589928,4.99958122877018,46.028929654689
"180",0.898382704527698,90.4963343298601,53.4369317569639,4.23844773175435,49.390083367292
"181",-0.753513948328865,74.6074124684407,69.2325635077108,2.2825984083458,38.0058677006151
"182",1.43851388060548,79.7322703860964,55.416194874564,4.83917067283928,49.6081202784331
"183",0.552340115626962,98.2897739028737,34.7592652937423,0.70564747411029,46.5356595977297
"184",-0.553331733956104,107.406017120216,43.8094842354444,4.3868023741789,57.9576565656693
"185",2.90110067875334,87.5936040052478,54.26237714039,4.74285412549403,47.7221633616032
"186",0.553109508491875,130.072068570266,41.8833108648942,6.85414992217096,62.7097783871644
"187",1.31869405171392,107.299595251161,44.5893277993247,3.28413339420029,53.4051021891303
"188",0.158861976735589,90.3742210203314,58.8827150663864,6.95075521296855,51.4341766815065
"189",-0.265629572775467,116.02561990128,49.0607077726362,7.1691540540318,60.4353048391819
"190",0.33253206670182,98.7938645260222,55.9905026930962,4.87795639767875,60.1575677835214
"191",-1.35807596843604,78.3774838824976,32.955526529671,-0.508947857446122,35.4348928576944
"192",-1.70221125689042,68.9956896661793,60.3284313259377,1.10144297386668,28.4844066010581
"193",-0.567691260600856,88.6846659036479,45.7131699666374,0.0659290731765023,32.4735881673505
"194",1.18953310789393,98.3646352360033,52.9144460029823,5.58473587141567,45.5416407790387
"195",0.471366573881811,134.702710469545,34.8544814755491,3.15845184110959,63.9778577416162
"196",0.118519358598802,106.40481353993,41.8359662803796,1.55886055072316,42.7905327878194
"197",0.0922088245816393,99.4812070619454,44.2644763819993,5.65896596335793,47.0725141585422
"198",0.125961074029037,78.695905483357,50.1942292007068,0.739643236166677,25.7605735084478
"199",-1.02341212389626,84.2670042261198,31.6262035409119,1.91531624231033,37.1099216174594
"200",0.302810107809378,92.6482282027926,77.4737149652772,4.48327204409551,48.4899662384447
"201",0.262727524287392,92.9428791299462,42.5339630900771,4.22381904875356,39.6613968113119
"202",-1.01203641186269,119.767994024161,43.6121535175188,5.80933159770248,67.6546980545061
"203",0.631752000362566,112.324945180594,54.3325670229569,2.97358975964159,57.9905900513512
"204",0.0455508694030891,105.280483751327,44.2831075032955,5.63149074800686,38.5100791825717
"205",0.195012847553298,123.02528551848,54.0801495373007,3.58584680097883,57.6942407233036
"206",0.857016591319746,120.798653879638,50.8066747582416,2.79543811167803,59.4430549007752
"207",1.82845029991597,143.592224146205,59.500557851644,8.37945661295201,70.3807867673058
"208",-0.0717843422504622,101.933734253942,33.5178192855185,2.95376283799064,50.666700290728
"209",0.570721009888826,102.715106544499,55.9062200683459,5.05097796928791,56.6802620836093
"210",-2.00273942606866,99.4167618131314,47.8509583378644,2.51119988550891,40.2590293179716
"211",0.257269266930419,105.855821657773,48.7249946947855,4.87828048462329,42.7951454815736
"212",-1.93526950850075,77.5946895073379,37.9864257305843,6.58547134154432,40.8058598644734
"213",1.35752220852097,101.959365529367,41.505049287711,5.13254954949091,50.9434000657167
"214",-2.39610282574398,67.1671337715205,39.7061566716484,1.73814054002491,33.1588359909549
"215",-0.0750648973150342,95.711904137339,49.3416455194299,1.5596052272894,45.9259866626236
"216",-1.53272464674214,98.7905272744459,38.5959611778151,7.38247001278996,53.9987349546818
"217",-0.0480403674995487,96.768652645452,52.031321328456,4.91541055170571,57.0788286387986
"218",-1.02420953180813,98.6770946204276,52.830500132905,5.32628973302233,60.4692367285813
"219",-0.0807508149448305,100.849405369006,55.2675447474884,4.98747026201078,57.1119727938375
"220",0.51141717222964,108.156631301491,46.8863035759138,3.23002180111599,62.073463017466
"221",0.116436190315345,107.574347349451,39.326917474256,2.62954876859283,56.9176551108468
"222",0.657091896831872,96.9302792376891,41.5703423885309,2.31647098965138,44.9781041634817
"223",2.28102752122843,137.136947806804,54.0132238495442,7.74719022733449,74.1757071406775
"224",0.47784804883829,99.0078532165439,33.826825148956,1.7979560647467,52.3559092812444
"225",0.836451998728683,107.447393738734,55.6271508351923,4.87895605018352,57.0214272143226
"226",-0.590864398028274,79.9774050624793,45.4370899146171,2.80491373229407,37.78440988502
"227",2.17940569520169,125.362405426631,38.496620066498,6.24993977122436,70.3387771761156
"228",0.00697851220625906,110.284027298538,45.4673122522277,4.88700952560879,51.0934437411246
"229",-0.189549669045659,83.5241515776472,49.7111257046846,2.62600770396697,44.536017223852
"230",0.0652639664191683,120.510629354296,55.261080822688,4.41186421106257,57.0864636645709
"231",-0.61680891113079,108.253455967617,50.6816471753463,2.79149129838281,51.6645802349752
"232",-0.137984090433252,111.612244956191,56.8125224325845,4.25196056122638,56.2450952654249
"233",-0.130607972626185,71.7646633806223,46.6221405065664,1.41149071389566,22.3963886558923
"234",-0.764741090999751,101.42406416705,45.9281475459745,5.99232450150011,40.9531333663296
"235",0.661309876132694,119.177638941496,63.313890962512,8.08739494998043,69.2508396862119
"236",-0.41402921485289,91.1305646796281,57.3068506700541,3.70906401960213,40.8028468130968
"237",-1.96924455988792,81.3016517220488,71.3055133279881,3.14673835797685,42.2977102663495
"238",0.433038273993852,104.663873626525,55.7989977704737,2.86082833299654,51.0264926551663
"239",-0.410536611929927,107.140277045206,51.4115458997851,5.39538458709262,59.9987088535361
"240",0.973301388151311,123.494535113593,61.5950755689754,7.5571632810864,53.7407480818527
"241",-1.2263228863079,90.95886083319,29.2798545668381,-0.893101261465791,32.1943906735471
"242",-0.973401120558264,109.549862852441,44.0452513562371,6.20216018334335,50.824881061142
"243",-0.17944437075142,116.808690101658,72.8304326161803,6.44992652519467,63.9214645794066
"244",0.11920332278889,121.232245495359,54.2327574043712,7.99157098830426,54.8958881410385
"245",0.435142378597379,102.882435714384,43.8405972843348,3.73275152834522,54.3049128453688
"246",2.26331368713307,109.387433253084,69.2845898716541,6.80687716078335,55.8566568842112
"247",0.948809568414644,120.686103456111,47.6351569614032,5.43811696661816,62.0405616500238
"248",0.537608114111737,100.417347698926,50.3773666043296,5.24943973035827,57.8486076926549
"249",-1.39768373641049,104.762538967636,35.4904383699384,2.43622351518227,43.2889478954445
"250",-0.0802282941789128,78.699763117317,36.4749695053564,2.71387766361903,45.5887260892349
"251",-0.998202849582967,102.760790328658,38.0049944956798,3.71708274724648,58.793615086173
"252",0.188829551680575,91.4268353721433,34.0575434407879,3.93027166674576,50.7789126226535
"253",1.09776148357905,104.80006853957,52.317211992098,3.55919382297798,56.0598184018535
"254",-0.147844114213004,94.5989360726897,37.9607303311929,3.94291146167205,48.621091091448
"255",0.00491008126773845,85.1863436151769,57.4474630799183,2.1751680063722,55.8561698006536
"256",-1.3489734743117,79.7443375061968,36.2188462776618,2.80517005014575,34.5024419813804
"257",0.983012167224861,111.734158579701,38.2376093769127,2.36517669375309,52.5449128640318
"258",-0.826936175293127,81.9365463604672,51.7371247379959,2.29872380261561,48.9425056552189
"259",-0.0890894995476866,96.8444697921638,43.9163150232052,3.95515622469111,37.8571291297523
"260",-0.906342064200316,107.320920941812,38.3858120830763,2.83818201874946,42.9193177459054
"261",0.339002742389647,102.830777362402,42.9304939583251,5.95179999936783,50.3041204768442
"262",-1.00302254151232,113.348778715032,57.7574928970449,7.49533892088595,63.2498066109533
"263",-0.0506112598380852,104.21798173082,48.8858539154911,4.01397905966086,55.6972116071631
"264",-1.83953007078196,43.295413318768,35.2100379094709,0.396208218785524,22.0681052455181
"265",0.0826125251041334,124.228536389843,56.5089714213399,5.61398898584935,59.3354384861145
"266",-0.89121259205118,93.6496753387642,48.5206869902936,2.95615163622758,45.029721078127
"267",-0.478586547840618,91.5013315419302,49.2650260784913,5.73820083251187,46.6790317087533
"268",-1.617846762183,84.0059410865282,46.2589332070924,2.55121312989934,35.5822570380997
"269",1.81618684633586,115.953298659256,68.5424738725805,8.08283080147493,55.7493396464308
"270",0.769257146703759,123.562667842994,56.3190081499555,5.45615752649953,58.2095796447834
"271",0.295627127208046,85.5231633016539,50.5368791930652,4.09393634327984,38.3228897920575
"272",1.67338995916274,119.074028527625,53.0606511027183,9.9501948817617,69.431904763149
"273",1.15299107294096,104.967233977816,53.0231607312911,5.3920401378025,63.6462853109106
"274",-0.19244301441721,102.816876690264,42.8844248052045,7.8194795577331,57.6694972663191
"275",1.10711036120229,119.997506868912,43.6072817728085,7.96135966993092,70.9150503725085
"276",0.0382245603145391,100.701431676136,60.943452873533,5.33165580850331,53.4178425981694
"277",0.183612822592539,125.346876832467,47.4095416906124,2.774569408857,66.6664286434234
"278",-0.0939272566481692,87.4416732672549,31.4833815199242,3.97566109791127,42.8825874598489
"279",-1.86108806118114,100.988636550896,36.5377036520899,3.36831981111532,51.6032464004278
"280",1.26371896055344,96.02767199228,50.778515738136,3.03520621678699,40.6432946717848
"281",-1.31818683710579,76.816528730708,38.420186093182,-0.521912504856139,24.7043805386226
"282",0.81412805894204,91.5505206266739,40.3020908433723,0.451626423015412,39.5395613444682
"283",-0.919085668760341,81.8979437883586,44.7150981657114,3.26784072149106,30.6897711146087
"284",0.712524229832085,122.680845552023,56.2767731160362,6.71580708273776,71.2327013154979
"285",-0.375742151285508,122.54397406962,62.8920896944854,2.48694462770639,50.826774708974
"286",-0.153130246121742,90.2899198228976,40.5470128887598,3.16089361612967,61.442137807733
"287",-0.506225116453649,105.366710504105,56.4486573193132,2.64869913016276,37.1972534104023
"288",0.60877430905185,101.270646382883,56.4753412666065,3.27328252655238,52.5659801505305
"289",-1.04110976427126,86.2907867794182,58.3467978425979,3.60801300961961,55.1017634636628
"290",0.31152603133373,125.019627758349,64.4767232763721,7.60340412523597,66.3890341683557
"291",-0.228890991261358,110.307026392882,40.578473048225,5.26293858225817,55.2221330783254
"292",-0.378570499317407,88.830462975601,38.3823845794816,2.35522193671212,46.9556198331318
"293",-0.562852332290204,77.0589542614537,60.0938033777393,3.34038865916028,37.0249385825106
"294",0.223492686698562,115.903031725191,66.7196257541796,5.28160295789793,54.7753513467034
"295",1.90774257043298,114.523840951388,47.4687044010789,5.02362757981959,60.1193857502991
"296",2.15752328216668,112.152992508067,46.4938758161962,5.18831812724743,57.8268666543077
"297",-1.81576671775236,88.1747353016486,49.9618169174013,4.40228826052311,56.2642759383897
"298",-0.41468864772585,79.4029531876451,45.0779725354571,4.24725423310172,44.0884810948196
"299",-0.0822688933200645,101.16590582365,47.5594747755589,5.65223742806202,55.2133400369631
"300",0.666417281864309,105.305169196443,53.1101087286154,4.62934151157609,59.4964156224962
"301",0.0631650955589253,96.2836027900025,55.9194095173913,3.27970505496536,59.103177696682
"302",-0.695352323388106,83.3099850950479,51.0019753153112,3.26536383429347,49.7567212647461
"303",-1.44967770009007,106.26457943117,45.0908391893599,4.26147668609527,59.4751636232771
"304",0.11717140317231,91.8911952034298,30.5194432566974,1.39880679685827,50.1748827281304
"305",1.01071632099972,104.896955341954,61.9443679924547,6.52935034261922,56.3412258322527
"306",-0.511631525457408,89.9590145674791,51.162300734179,3.81783140593378,48.6838610004635
"307",-1.14443299416771,103.981006130966,49.1427427656439,3.61285386872788,47.808547633813
"308",3.17241966501893,111.605660780087,56.2678718634369,5.74110273241127,50.722669651874
"309",-0.171271946689922,100.500810135338,52.345869633929,2.70901876166022,44.9396615826286
"310",-0.263557926871754,125.591953655583,47.3677704465161,4.95591081391001,47.2625245978533
"311",2.03417783994314,119.192694188382,52.6362645103711,5.25668794107869,60.178141309214
"312",0.776419713608397,94.5777262338238,48.0564154574824,4.2856285192932,56.4894453154848
"313",1.88961435645195,100.303971848615,74.5859791733017,8.18292499356895,51.7285999628102
"314",-0.375130745854233,88.4345673091094,42.7682120135912,3.24014475072412,50.7810782653904
"315",-1.28936981505726,82.8443440084602,41.2344315627941,3.80138147008576,43.9725909498621
"316",-0.433668852475025,104.977794232946,31.5843773583519,3.95367058553054,41.819350224198
"317",0.0286073699322836,78.6136149383147,39.6784464653537,1.56326143811725,20.3851043838283
"318",1.16940786667198,108.244736585504,39.9047084377872,4.02988847566695,52.071131623657
"319",-0.939054956747529,99.288642886612,51.2492794425973,4.62297139872749,46.7355614687415
"320",-0.0916320529987762,94.392282174808,53.6721580704911,2.73248854232653,46.5488804794796
"321",0.996294692274434,99.7494488172869,57.7588909457507,6.03154570902294,54.7245867100888
"322",0.27013681379333,95.7945729834843,49.4932348038055,3.65111557593218,54.3673569638746
"323",-0.936836652766284,89.8423704925762,44.425956276557,3.03520481637209,34.7604646198702
"324",0.0446163073630765,95.0622839771857,71.8760263789944,5.36485680391847,60.4252161173228
"325",-0.308944549017691,111.956447245423,50.8411325074963,3.75404834240115,53.6074654781346
"326",-1.46299125846239,114.953220043828,53.5293136850782,3.74902347889248,47.3723952161392
"327",0.329921790682932,111.349240245189,42.9900626058569,4.82263927610522,59.7627526992365
"328",0.304733258276391,93.9578141521868,62.9251498136785,4.37072172946616,49.9956690766343
"329",0.771019957542916,99.7582385024536,34.3110658892045,0.432642586799946,46.4426167954966
"330",-0.719401646632105,109.676647403658,57.354851438829,4.34557082024303,56.6942084259829
"331",-0.50692488394004,97.7918996835648,35.2821166245158,0.0203470558889456,44.0155989967177
"332",1.06044924259512,111.832965253505,50.752366775518,4.95009203345808,60.1239983298923
"333",-1.47208422684221,94.96429419133,42.253960476176,2.26997503666495,49.8627219833589
"334",1.78709732976282,95.5494325781176,50.2682676347946,2.15128215773493,51.3042703868387
"335",-0.463224879408994,97.0742963381748,43.1990802573192,1.91350972142702,43.0305802006566
"336",-1.52268938227339,99.6149592218312,52.9448525902239,3.13467899427656,51.0176668223653
"337",-0.337086934180335,102.656244776132,49.9942572879212,3.05081700883263,42.9395513051188
"338",0.320798494742177,97.3427638131499,32.6066286963089,5.77463969517992,57.5124263610963
"339",-0.177107650372684,94.7034652987786,50.7419167538792,4.78328116644598,49.8705526039349
"340",-1.52093872079863,97.7385685122225,53.3700179669166,6.34948100975304,57.8430408598003
"341",-0.278447210616674,104.193826845271,51.9893368439887,5.35908114833363,51.902908393823
"342",0.993678789876853,100.342006346021,53.9144480983415,4.88549167698889,58.4916535267004
"343",0.0272037556422133,75.0124417986324,31.9254022344576,5.8306930179663,51.183241154898
"344",0.729099196003434,115.628317592653,43.1201401771089,3.19114783996248,46.4018151574286
"345",0.595502545186865,93.5217497690641,44.5866062830751,0.848025032026631,32.4631128721797
"346",0.353079919510473,113.319910534179,39.9320550820731,3.24328819218808,52.4125761729431
"347",-0.975961634106952,97.1970110508922,54.0802390434006,5.06560556421258,54.7044958850402
"348",-2.00911175151436,63.8345920285058,46.4598538439832,-0.792253957408594,19.1707506039175
"349",0.150697530155612,106.74351281436,65.0773977839891,7.55417829142216,61.5609979986245
"350",0.0692013357349023,95.7456489081459,58.1709012085181,5.47478066047471,57.2653774825622
"351",-1.42130517782514,92.2210396655185,74.2972946516204,7.97751838935923,52.9188221438149
"352",0.816246037779635,115.577538310628,49.7982015207417,2.05312095793634,49.0173086760854
"353",-0.919935337071868,98.6837613080502,48.8642591849946,0.93926023430036,53.0936215670839
"354",-0.722298609266756,91.7682085070144,45.5443382875709,4.30120420243868,50.4391808336227
"355",-3.15708615653924,72.4674910849251,33.7429361788439,0.0590039944002823,38.9217992997598
"356",-0.484879599022123,105.894614975444,44.4387305107861,6.08336694010186,55.0538280060732
"357",1.82168547148768,119.141157847523,42.3622676298404,3.07775660956529,60.9387115887068
"358",0.4709356666126,94.7704479484363,63.74580864682,4.65340446252409,49.7477915674128
"359",-1.62608607891978,117.908397482081,47.5041911710406,4.57421088796215,64.2925822351477
"360",1.19704146219029,104.153767355304,33.6278387684626,3.98597199817677,56.0666885889267
"361",0.912398930513224,107.261661780541,51.222005265754,7.30913795454175,57.1166182937529
"362",1.57741503387977,112.266775103117,38.5089657352905,3.32386134359058,59.9661346857654
"363",0.385111293140284,94.1814969999973,49.436633432999,3.16444673601349,55.0339304066181
"364",0.346419849336488,106.094653930969,52.6151950397771,1.67825131689924,52.7977794100827
"365",0.0939299646552451,78.5184318198705,46.1073208584595,1.73845519709452,39.6694619134695
"366",2.2811602572471,123.217696206825,52.893070565785,3.22335844434848,57.5397493823524
"367",-2.56983603930252,84.7157130425614,38.2884669281616,0.299939663240177,42.9769232543824
"368",-0.368844526635716,106.118318329156,47.4827719978647,5.73041681661147,46.0645254673066
"369",-0.360623642109814,94.2213269210894,48.0466218870186,5.44740106274632,48.3248309855103
"370",1.72617007098628,118.358646228071,38.5790211162217,4.21527031833474,64.191752530007
"371",0.269951699390432,105.808821659669,63.8354629439146,5.64783427546413,48.5924605330851
"372",-1.95552286435389,90.6258717480202,54.1258027574525,4.50764378194317,51.0993693593994
"373",0.72301876050085,103.707107013335,47.9678670411227,0.864340490775612,50.7641975577793
"374",0.258599174684425,112.488888822634,58.5930287617021,5.58719742616468,54.0878518103239
"375",0.168401368760236,76.0007859229679,50.9470890779863,2.40048434538791,35.5114530839068
"376",2.18378391685475,105.819148577423,68.6393474901952,6.18650730374849,63.9281598528561
"377",-1.5977313313143,97.361297327499,38.9253399133011,2.05795698784472,55.4699974422279
"378",0.610538569635803,98.6284622707489,59.8103428640509,2.42212532460543,47.4963348706578
"379",0.184989379423085,114.331491050457,45.6087158026251,1.80161963008989,50.3191274795682
"380",-0.807816404037011,75.5479261313411,34.9676016496431,0.857988156021094,32.5492889014328
"381",1.41035240000873,72.9354806431863,74.1003556786694,3.70823723709845,46.369875615253
"382",-3.48850442324822,69.8385438074576,51.5352955198531,4.49592389750917,40.5532663781388
"383",-1.12284124133382,93.5305529919041,48.9949147410317,4.61055828515455,59.0242223642086
"384",0.577703639505374,102.737319366974,34.8829997334139,4.15838099832705,38.7678920947927
"385",2.21274987056186,125.694055268661,65.4660384568956,5.61978773263891,71.4300050782997
"386",0.916779816902981,112.160955026993,48.2066448181297,6.52268704171384,62.5808950371499
"387",1.47833898850883,120.356556457531,56.2331745754296,5.72615381546242,56.4476284809548
"388",0.292973737778035,120.596423614341,53.5710275065958,3.16916836325698,63.5377698597877
"389",0.0522527343330217,68.6719684274169,54.2974448474087,0.792181132890024,37.7674114637626
"390",-0.0781396820904898,118.587963016147,54.102682383024,5.16455577687631,48.2946014771663
"391",-1.03708045062542,124.388118213604,29.2896876569581,4.05146260918875,46.6998124095359
"392",-1.94547304298456,67.1687483667104,64.1022124636181,0.495313781998115,24.3328982435292
"393",-0.920488647274231,121.2579777812,68.9163618159056,9.02923497585671,62.9883210086568
"394",0.741148470275257,95.5244059888334,39.4773955077709,4.38790450780387,54.8346049055603
"395",0.244678473044521,118.260115366389,53.3543087797032,5.5847068340731,64.0379227807096
"396",0.628749615335465,121.200446201697,54.249127718045,6.37675174343459,55.8599207583913
"397",-0.215684874908339,91.1680058074567,36.9083127560938,2.77502039723884,40.0947835021478
"398",1.17937196929367,88.4358618928022,44.9859179751206,3.02810404442439,43.7836315281307
"399",0.101103593555018,87.6891722151381,45.9496894708028,4.21774980903148,39.6502576306867
"400",-0.436394134225744,82.5970392376148,55.2437370934588,5.33066670887498,51.1439702145833
"401",0.918077580705812,76.6978343433824,62.3573428797882,2.97604715243597,37.3044010301762
"402",0.697930059019206,89.1222838583806,49.4952809269959,3.74408534263224,40.2537943731115
"403",0.126052332991356,101.819853596817,55.7004564303313,2.80969406592488,66.323738260313
"404",0.0944395931696519,92.850031100435,62.0457714495202,5.3439628145687,52.6964549420431
"405",0.596714626134728,126.276953583533,65.2126620151266,8.82496661800823,73.5102466229516
"406",0.00578210856773212,100.847212467875,47.215992709438,3.07642126045485,63.3759279006552
"407",1.50665966616038,119.184967693377,47.6578874090403,4.32700577814751,58.2930714265005
"408",-2.09829420711131,84.7929940391758,44.4663225335922,3.8223262486951,38.8012508145168
"409",-1.14836513552217,90.9609986138034,44.0497266221863,3.07043973684562,43.9012305825929
"410",0.389628452549081,103.964608659651,52.4253019552463,2.42853482998029,54.6190197468785
"411",-1.74592183661113,97.9806643953479,51.4449985876121,1.44173397376078,41.3447945084603
"412",0.873339783252288,66.2978152948147,45.670026428207,2.60537322351234,37.6179365988014
"413",-0.126234639280319,94.1506571815404,57.3922772504441,4.6818381595227,51.8466952627172
"414",-3.57858005802714,62.8846819588594,34.7466903614159,0.0611398806248671,30.1844082176282
"415",-0.25520679492128,91.9771428328356,45.6257925201667,1.95629123052279,43.2380879572768
"416",0.228628755978761,93.4326110397789,53.6315228820547,2.32804027793952,50.5509725810686
"417",0.0671457752768981,121.046340951776,42.3221837007961,4.05218306805124,55.9835176018482
"418",-0.0096478622853361,93.2529199923879,52.6220233128222,2.3248491004213,45.5727276656953
"419",-0.635079770337614,101.962215425436,36.77933471979,2.56120442392246,57.1324157517295
"420",-0.667597690080358,93.0007341460354,39.2526794223595,2.91965436231456,48.6695307865813
"421",-0.462041920739108,79.7745725405197,54.3233329090991,3.25744779850707,33.0065382895513
"422",0.197566487312655,104.65096507296,50.4041644706692,5.7948613465923,52.6678670222943
"423",-0.686579988601633,104.311621613499,41.6526950024388,0.221191018677395,42.0313057884818
"424",0.294269849157662,104.801655762531,57.8996766670783,8.14992605847488,61.8028584975533
"425",1.15140052174964,89.8760551933087,49.6770744467889,6.72478290559176,51.3744801863914
"426",1.11588210115241,86.9088561960941,51.8396010666857,4.5202458858269,41.7626696693162
"427",2.87914978376201,119.214064070193,53.0767474945284,2.71129495011866,61.2550136906193
"428",0.044548637640622,110.667438147675,55.6298529808207,6.13783457626137,59.9502887100282
"429",-0.133729440746674,101.999480477702,61.0093822404686,1.20141011090771,35.7389375347073
"430",-0.12303708441635,97.6793335802492,41.2170758812115,5.72789362831761,56.9195640403965
"431",-0.330009426027975,102.622486535627,67.5212545860868,5.79921506737363,56.9569167629203
"432",-1.39581993190597,93.9740206658549,58.2617169670941,0.678301466222508,43.9478471674802
"433",0.849585055447739,95.0437165692273,64.5525598165355,3.66286587914043,60.5016990499805
"434",-0.515279542009062,94.4751347238253,52.8506649702847,3.17206139116401,47.9403986133069
"435",0.39126524328112,89.024861655429,56.9772606523702,4.46735883665857,39.9229294067905
"436",-0.0378576535816402,89.963301360683,22.2352619485993,2.49565189675108,42.9339022430173
"437",1.64796009403687,115.962732466215,46.4200693306105,4.75745174648428,67.5828425171974
"438",-0.118212602728007,101.134024912074,42.2048176180728,5.49059158834548,56.6408954267079
"439",-1.28046038458973,87.4570843131359,50.8586812258059,2.6948147563155,32.3226476083557
"440",-0.67451281550969,105.509720500725,38.8706408910336,-0.648448991621102,37.6431393256962
"441",-0.604488344095784,95.2843657819232,41.567776345924,6.57953262483079,51.7376560278096
"442",-0.4515158391259,118.625247261703,51.3504697876009,1.90336868732671,51.8323692772805
"443",1.10616465425293,107.621558255975,59.9491116680578,5.42605536110429,58.3992655356715
"444",-1.53834626229746,90.7927687424286,48.3043739408819,4.12101127801536,38.3284713782088
"445",-0.398900612340252,97.1856240643592,64.4140721171589,4.97608311554383,47.470943196319
"446",0.598070798714818,90.6927376381468,33.9076688372535,5.23937384427375,49.310981195143
"447",0.461812181172509,120.156358794711,58.3797485684768,5.21269237794698,64.8536620697518
"448",1.78425522264365,113.629949713584,75.1196014249992,5.84232736853866,64.4758390203152
"449",1.577722186148,105.36095269206,56.2629059389998,2.96535255214461,50.6938580646216
"450",1.33534671963824,126.297855851186,44.8906541990805,6.77180434171812,64.3987967455585
"451",-1.18019052271383,93.5519588039651,32.3420224183649,2.4706639680245,48.34035251079
"452",0.0139467338082733,106.607098950412,36.907357730136,6.42215515028888,50.5050408827141
"453",-0.346166557356112,99.0210472555952,31.1208959761277,5.52628754313745,48.4743496597449
"454",0.102240813888213,112.959846997168,62.0499297009108,5.35904360825752,51.1312943325339
"455",0.722822336809982,84.9618562966229,34.7054226080883,1.398368116255,31.587282400159
"456",-0.485629278470049,107.516700462371,55.9454825429981,3.1895999001078,45.494738312133
"457",-1.07479486483948,79.1377859792674,48.813008403039,0.260481747739453,38.2122034825308
"458",0.612955194796134,103.431403103342,72.7569160385206,5.16906034776372,53.1746851813307
"459",0.331945580082852,79.5225987538005,41.7158672195577,0.772687144057689,37.8307983873619
"460",1.52489271898958,120.155228968164,44.9921869184341,4.85066884486562,68.4318808894275
"461",0.500233782398775,96.0040200812483,53.2926868088436,5.82534559199674,53.2012734468413
"462",-1.44027788893469,85.4956702813251,41.8550682013709,1.76380382192361,39.3750063972812
"463",-1.40447543545023,118.244668448157,46.7952556327432,6.06382138094121,63.4507800833363
"464",0.90988194375021,99.1759450313642,45.7900257976744,3.67457819477134,49.2049507403103
"465",-1.10787640901858,79.2022570829282,48.5719741501654,1.90439559907675,34.9314271322895
"466",-0.0837591911015572,100.250417068242,61.9852361577408,3.28380054275369,49.1260348088004
"467",-0.476404939478126,94.6786552212817,70.5377579370112,4.25808647866761,45.4752730200889
"468",-0.599258901431129,71.9167188048673,46.8123465654627,0.182067560534149,36.8662358362791
"469",-1.15961814431896,77.8517156464791,44.6302121977008,2.96255415737926,47.4241140574313
"470",-0.227545382748375,92.4179846992192,47.6155243759352,2.78626677151903,48.9878616951158
"471",1.07068459297752,106.085734064049,44.1206517593029,6.52888371540143,51.0482527578002
"472",0.310138476467241,82.4326223358076,36.479201535729,5.61525029431769,44.7467265229596
"473",-0.364770081748324,107.069540157003,48.2504904286362,5.39793314614858,55.4730244738162
"474",0.0330129561977872,87.0565709437791,47.0344192828228,0.426225950216916,35.8923272599741
"475",0.137071538070291,96.5880303547074,46.8093184291697,2.28745635034598,38.2795814756422
"476",-0.19203752270978,104.996631659374,41.0274961027763,2.65619939562754,56.7593748531933
"477",-0.435703226044914,112.490001579272,63.1093158979976,7.61779373156947,54.246422114275
"478",1.2976555642555,109.166262783368,48.454232719435,4.59107063541538,52.7321505223234
"479",0.136903593817127,121.589208434166,45.7135318704983,5.4701472060107,58.3683043749998
"480",-0.210856318632175,112.204148672062,70.3749283426974,5.4088757568824,62.3443371005662
"481",-0.945193129245038,91.2351036639376,47.7446993287617,2.30441102862621,50.8610593588452
"482",0.882030441464814,103.317780294139,42.2272097438647,5.05846404065221,47.5898657009226
"483",-0.461142977900266,88.9105895630892,63.6647997512578,3.25726635969707,41.1074080501955
"484",-0.473770901603665,105.150829560417,46.6218766945985,6.52172947122176,54.9227620308426
"485",0.318339537138533,94.096992709141,46.9269879814421,4.39793037017646,40.5716009342808
"486",1.9578726445288,136.63690045629,40.5663117100685,8.82640049957717,63.9824454893245
"487",-1.85679767458385,76.6004804870905,63.3899961291047,2.92734570213065,39.1600552791499
"488",-0.18301801825252,100.013339084567,60.9400442687663,4.92238152638885,50.1439876586622
"489",0.561641719329618,97.7575298558373,43.4439903966983,3.59127838546795,54.8345943507624
"490",2.05987833387701,128.07543342167,52.2668818356377,4.7085989600155,61.8861501235745
"491",0.290758908979373,106.136418121342,48.9472981285021,7.66349697166322,67.4529830911945
"492",-1.11583089997334,77.2798729519339,50.9671288608658,2.51843243492976,42.3579497047895
"493",1.36715724145888,117.221987810262,35.1434923517779,4.22055302233446,48.5111128098453
"494",-0.491612352181824,86.8871044361442,68.0036463762549,5.73280370952799,51.3307481185786
"495",-0.701355876093963,106.298130215418,63.3962316646467,5.29835446413886,45.5723607197871
"496",0.279664965137027,117.382790448516,65.8647595258091,8.9911993546982,60.6603100748779
"497",1.19417015508225,118.434607410173,38.0782030571911,5.73866192602304,72.6096945412414
"498",0.104148843614214,107.09085372873,45.8097972915661,3.75661172729636,54.3694795512821
"499",0.461961227143951,112.236879845708,47.1963205859033,3.50161513910221,66.8765702008869
"500",0.303630008447299,118.807348297879,34.7998082684283,3.60601604072616,58.8717620740053
"501",0.152488361753685,143.310554838186,53.2091879471865,4.55636526141492,63.0752240680622
"502",-0.994377276973567,81.8587859982782,49.2684946956718,2.09947116660252,29.0872764119932
"503",2.22123217025933,106.018165669644,58.6086110730416,4.624367225134,57.2509201046365
"504",-0.450154066832724,106.238353543978,51.5041396908968,5.16968571105452,43.583456583709
"505",2.24504147681159,132.467980245164,60.2731826118765,8.98508314431727,67.2732906785758
"506",1.49500300027211,105.173954383899,64.891284798266,3.97244742782091,54.5906813047222
"507",-0.847098979587969,100.804490093112,61.4689769027923,2.25992394603796,44.9870200811721
"508",-0.127059465595371,102.242853953178,42.7148959091623,4.23516855344576,37.3602719866458
"509",0.129650718807429,104.742205192652,42.135462416281,0.941816873445705,38.1754270600609
"510",-0.0497307829236259,83.9126116497582,44.0153976688458,3.91797929603167,46.3346478783827
"511",-0.284430480780676,79.3852707396725,52.7659252745442,2.7036143360734,44.5037322571309
"512",-0.95761605218224,88.5726291416649,50.2046453163671,4.11245033594872,40.1039382174498
"513",0.95644791822173,108.942665682742,59.5419963709382,3.70669658290927,65.1968131947888
"514",1.12722749758114,122.964629102725,55.559459245926,6.44838507029898,66.336402990063
"515",0.281327522228471,103.407166289285,56.1007202665899,3.0455235167256,51.2118125062065
"516",0.69001203234135,104.4903680818,66.3967046565943,3.74858347029327,39.3989213605194
"517",-2.24679925905523,94.0472448829717,64.8822307439561,1.47631400707412,59.0963595153803
"518",0.729609340348076,108.5773264804,49.621060844298,2.87305546170106,59.4886211708806
"519",-0.0418567253091681,117.919105442464,53.1801395884858,5.96814638385585,63.2386903532636
"520",1.25785466111461,97.1827455725951,42.9778624845875,6.16878811504653,44.8666618087451
"521",1.56453204355628,129.213403417267,52.7714215892444,5.3907628353695,56.3759853395982
"522",1.36593493077754,118.472204816689,64.8792074914902,2.4139501742739,59.3377140186459
"523",0.74882605694547,103.075416509558,41.7187448589937,5.70207035350637,61.538676480135
"524",0.42528240348584,115.164319126311,56.4256913087816,3.18842657110755,54.3057630832501
"525",0.259066734142622,105.30554459134,59.2348129147396,2.05923872468274,51.9357009137491
"526",-0.330374890642895,96.2889034955232,57.6248693589177,4.30511888735517,44.8793980781393
"527",0.18232716511579,106.933276858794,55.7433923181551,2.859374553964,45.0617213911641
"528",0.270661705925483,80.0328266068884,39.646650799507,2.69597051593364,42.6017042378356
"529",-1.65831637909144,106.988863118924,39.7392243830341,3.24384640981865,47.4347006741722
"530",1.22646893913066,81.6657590140363,51.1351393454642,5.34966959169434,44.4528467279746
"531",-0.305649132252104,111.881899561123,47.4946589934085,3.40114022655674,42.3590303830904
"532",0.244032343218081,118.761840792652,52.9298817410992,6.86215376725485,62.867915767221
"533",-0.48475728275578,87.4242585048715,42.4784711488219,2.00897884094181,42.2370305697644
"534",0.49391286290516,117.0487715465,44.1944340077881,8.03016623705135,73.3432028678859
"535",0.154961444229796,106.490492388794,45.8865664505266,3.06033466204886,55.8121809433256
"536",-0.0875831014154071,104.556809589313,65.9463294042743,4.0694713363871,40.5733285608629
"537",-0.796513552023758,92.8963078669583,42.8730166754072,2.47245687421084,42.0160997222817
"538",0.688729987699361,110.156949753516,52.8084120560661,5.14995320429135,55.3407443525349
"539",-0.397435198272414,95.0923922563274,49.0103126100789,2.88302925169202,48.1691446227112
"540",0.0823439993646677,103.87358074089,46.4675136520184,3.89782233472404,44.6019929284883
"541",0.819544920168733,78.6717876969823,37.7739494617331,1.00774297717341,45.3050018263213
"542",-0.167988627925892,101.014706722837,32.3715931070455,4.5966080268487,47.610193509099
"543",-1.97928022893251,100.09794694027,37.6298575095565,-0.325993574069855,36.7781013586871
"544",-0.438673272873507,113.180390594724,48.2789445261166,2.03938209132278,51.6438669457603
"545",-0.597649285399831,101.220373556118,50.2566678384122,2.31624309123972,36.5423943447312
"546",-0.965667515694524,90.5722763898947,55.913048384723,4.72502405545793,47.3901644233593
"547",-0.96846456494326,73.1720670384874,54.3442124675677,1.61603810513117,32.7970758758695
"548",0.737232605257808,94.7936240956901,49.2533657415956,3.37585410576907,46.4939735592883
"549",1.75499301094355,106.290490467447,61.2157350605774,7.29581367946533,61.2479020699606
"550",1.08412398432962,110.132609284731,52.0654505008798,4.37227146240429,43.4132205682236
"551",0.754013740916773,77.1141980225334,69.626432621799,6.74560295318641,44.6461997775055
"552",-0.690114044046222,103.476474347642,60.7289481617787,3.735542946554,51.8218209881239
"553",-2.04089020575628,89.7574962752229,41.7506842289492,0.660896302616101,35.2149728339873
"554",-0.674992574919177,97.4555765983197,51.8541601465312,3.45189760429075,36.9604849882175
"555",-0.406598458862801,101.553017357185,43.5083149868738,2.80271322452773,53.6023237639459
"556",-0.730943927427809,122.734690364065,48.692505617472,6.46492255147067,64.9690191194208
"557",0.982381365817866,57.6514244983478,46.3643507911488,0.0935798088818451,28.774547454796
"558",-1.66675003346115,106.414438628937,77.2676724844018,3.37307452799896,48.2014513490006
"559",0.873634577953619,119.515190325025,48.2477798061442,2.91765804148873,61.7431017019398
"560",1.03352541527961,100.128125787258,49.7359259083083,4.47887660315607,58.6760027665884
"561",0.019567355075275,83.428685895521,50.4949542077551,2.13017176220282,43.1164006532348
"562",0.388654223754774,80.1743460601139,58.0680591265449,2.94825638429404,42.1317248417965
"563",0.842696898310342,88.5566454891051,53.4741668601574,2.73389206082265,45.3919097726536
"564",0.0579771850749494,86.7176912306885,37.829667050938,0.152054759048831,37.4384199714382
"565",1.05986751485809,82.8979391583091,42.9597297388223,5.10746528650894,41.2169680983924
"566",1.66626102238179,107.26059493481,46.6564936410638,4.97139604897768,55.0933059324834
"567",-0.577845001036187,94.9077523573032,57.7903672464504,5.32455834888117,59.3376121030973
"568",-0.0689781827755375,89.5240483245966,45.6108924896805,6.4505577585124,49.2265582397852
"569",1.47535952405944,134.161610958516,58.1149379155192,6.48672551020237,74.5516675454314
"570",-1.5892329079292,91.08732572325,46.2663113683914,3.28696346223392,39.3267453672203
"571",-1.21764739340281,95.5136855901209,35.0157383943913,-0.636226597036931,33.773673801347
"572",-1.5011095045933,99.2777036885098,63.0554875363431,4.39143571898218,46.1298098225031
"573",0.200014707045901,99.3157766860439,47.5416490823328,4.58604473692251,43.5874600118307
"574",0.561638542342014,102.004771907173,68.2920369221898,7.63231910176399,53.731381815197
"575",0.581303026721114,83.2240434651919,55.400985769286,0.884371116651256,44.712470523199
"576",-1.72846315310759,105.886171872328,53.328577951232,5.7892743179483,59.3114462989545
"577",0.497521344161867,116.213292300147,53.1040221169284,4.28307717031342,55.3332762220255
"578",-1.49276535594095,85.3620495499238,60.3779185063704,2.41610698568601,38.2799675514351
"579",0.742155194989721,96.1457017893029,60.3678599899104,4.97662811747559,46.4761904773894
"580",-1.24307814030298,97.0849229630864,56.3726277859718,5.91149011085609,46.095744525292
"581",-0.850073258335057,99.8867173697402,56.2571757919073,3.85911100511335,48.0704317065892
"582",-0.217157366844023,99.1414526070137,45.0399814903929,6.24989630816188,50.2884640704464
"583",0.740874373754942,81.6672065321305,45.3811281282488,4.84486904307541,50.4015739313777
"584",-0.544587032584958,78.1894206705888,36.2355226045489,1.80481143613964,35.7021639939946
"585",0.472998600944483,93.8103804454631,38.8946804431314,0.978381885667517,44.7968015551025
"586",0.0508651012128097,98.5972318806157,56.6740583657598,3.37749225389458,52.1951712935675
"587",-0.861237146739142,83.2264793518236,63.9719085936949,3.09777084773983,54.0489820970798
"588",0.041764340168932,89.2621768642014,28.5196467653296,2.71590309471707,36.1326807388659
"589",0.376707313922802,107.694507414477,60.6898321387337,6.00650764035492,47.9501947991584
"590",0.482015318404996,84.1153460241549,53.4337480187731,4.9638636681791,37.7172847650712
"591",-1.16971719631084,81.3101566017376,28.8590346276386,1.22795040912612,40.2173075871263
"592",0.0612070642096716,120.586315638408,48.1416313494159,4.81117273390589,56.0140566501391
"593",1.14249330180415,114.228447100703,58.0479167159124,4.79434200264318,59.0366011321544
"594",-0.189522101349971,114.528486596663,44.7358045569993,6.14940437389554,63.1950849278765
"595",0.688339426321682,117.995971738127,58.1728321161582,2.93474625438815,54.7027146739997
"596",0.528196689603587,108.410334349345,62.6420153905266,4.1207255389532,46.5755301408162
"597",-0.0933955624711439,106.913805735736,52.7919571222195,2.12549554213182,57.8604877095885
"598",0.690437043497518,127.488908068467,53.3957300195923,4.49395179461744,55.585538092941
"599",-0.557492103764891,103.709505049121,56.8496805718741,3.06481295236633,49.3090974772212
"600",-1.10991352877262,70.7508640971761,48.3463740056925,6.26707500366221,43.4536577776487
"601",-0.700946333120192,85.9619980113976,29.9729261450594,0.336738229057258,37.0274659544579
"602",1.6137150933603,103.205032979473,50.7731850272762,2.37515068729359,44.0386439302085
"603",-0.609938863668885,90.1832385824274,60.0804976428167,1.26861404372317,40.6475382134718
"604",-0.354720277241002,117.719508044214,43.3048944740933,4.17270404699628,58.6166789929851
"605",1.17014289953226,105.940206426977,56.7653065107521,2.35005279528728,48.1267962236798
"606",0.157274875498356,95.2782553495374,52.8828656612855,4.73187019214136,53.7217146771742
"607",1.13468688220576,123.974560766595,53.5650963437548,5.55003830586131,64.3820914576761
"608",1.70046474915081,115.436754678952,46.7005382373508,4.26371007991031,43.6518015107361
"609",0.157615298673693,80.9460576791143,55.5045032553715,1.71313914832212,35.3162090683853
"610",0.479677657488789,109.492312669297,44.8286499717103,5.59770844556309,46.2755161973748
"611",-1.78495658498993,97.8283991612055,45.6007908985858,4.50078438991258,43.2513043811258
"612",0.197510213436248,104.557091744615,54.5772250150683,6.33160010251299,56.4064849646722
"613",-1.00584768736932,114.08585311369,42.2970737211139,4.66790784961316,55.1317595990048
"614",1.63766389432058,110.369878649607,61.0226721633563,3.2787756164551,45.059630967351
"615",-0.196971775554529,75.0188292456232,56.29619218367,2.05955830809125,43.571637400664
"616",-0.236346064978335,77.4945149649862,43.9333276885517,2.42242172442466,28.0690344211374
"617",0.364908508033893,128.519039197942,41.4794855997977,3.8681115567056,63.2564128362001
"618",0.225649454466109,104.445459178733,53.0434256395316,5.31890237953326,63.8609811694229
"619",-0.790282301399366,101.746400977458,54.837252051473,3.69837186897193,38.0159673565233
"620",-0.983671084407504,95.0948268852449,53.3794052199222,6.28523974242529,47.2341827636392
"621",1.13415658927316,93.5172829525961,38.7080856515339,2.23590256145647,52.5008123135363
"622",-1.09929520614368,107.174337344658,42.3042711514052,5.16643386090325,61.8391838166562
"623",-0.760071654822401,90.1219662956961,53.6279903617186,4.38628780627952,47.7981924584021
"624",0.750390658682489,102.656517493813,54.6642417608543,3.22350555635553,56.2431476009409
"625",-0.366222517947594,86.5812235936302,36.7389467886015,4.92498846523657,58.2417115622765
"626",-0.373509156183178,116.694542741667,33.9734048431894,6.54176204150489,57.5765057843417
"627",1.08775965895314,86.195984677303,61.2346883296855,2.40076512681832,38.9274119707616
"628",-0.804510736748313,102.969551028975,49.7430786281678,3.68576757645464,50.8590803587476
"629",1.65816206997876,119.848944431135,58.3926103584949,6.64291305243395,54.3646940925294
"630",0.0221329053951017,113.867718685747,67.6174991018787,8.51751729195425,57.8282808648068
"631",1.43138342295381,110.512636805693,51.2202858954677,9.11317227671665,50.3011407827525
"632",0.76614687086268,105.644966202516,47.6907429292491,6.77055138794146,62.0105096004219
"633",0.0852696035536502,76.0720007565561,66.4413791865075,5.42568322355013,47.2760753598484
"634",-0.272096908677654,83.9042476047114,37.2598286207522,4.81075294169377,31.6051486649183
"635",-2.1412000210689,64.9651573319272,38.5382130549838,2.31331108181561,22.0111953199933
"636",-0.502050183396002,64.1020940876911,51.4956366545593,2.84499617438844,35.6749988891224
"637",-0.649378801975546,90.6556956850655,40.5641666813268,3.48596867318318,51.2970914156508
"638",-0.27356658385585,91.6376637104275,44.0690527487962,3.7680369980245,51.7963308736085
"639",-1.22141068487725,99.1058145028381,40.5590449519638,3.45385266633278,47.8404415306426
"640",-0.44007443940949,83.8927032196039,25.4468440923284,4.62703713631517,45.8493351510578
"641",0.01051652510222,114.106378589679,55.0447685932533,6.86491237883519,56.0992888436391
"642",0.393246995582785,103.277238737376,65.5836415979461,5.84475405519965,59.7890256642756
"643",-1.52039625441001,79.9122995335756,27.1384852651045,1.72242740209931,37.5298086724066
"644",0.0851752947257496,96.709913869113,56.8854938322663,4.86829569381259,42.2493817710953
"645",0.590907302183096,118.331462412426,60.2947450731388,3.5060586161058,60.5122896154553
"646",-0.938772507645457,111.756567743626,65.980776676967,6.01320350276795,62.7818366056265
"647",-0.90661960121564,106.823330609573,42.8153619818557,0.897931562981093,55.6285266653947
"648",-0.105678136734127,116.876576266794,51.7899676127161,3.06482015296976,53.2569718037854
"649",0.0110813450432429,92.6686606677439,59.1511927016812,5.57310959922567,52.6523060310374
"650",0.309373670454557,108.088162530032,47.848389406327,0.351171403779192,41.2610720160793
"651",-0.450561548972311,80.2788437274453,46.8925239193397,2.93913723509178,44.5716923662662
"652",-0.47070983202486,98.2974490353997,51.3554533690477,2.2851967669916,40.8813378057394
"653",-0.0723972487081866,83.5449227271705,46.0486071799254,3.66899949526923,50.4783142474349
"654",1.31702069383849,86.6342969303505,47.5869301084712,4.17345728961599,41.427465964489
"655",0.116486023842683,80.1583598036977,42.4471387618334,1.26940479594565,47.3359927115634
"656",-0.861361572106374,99.7852104677578,42.8534564728958,5.10778746567433,49.3719598035726
"657",0.601740561621618,98.0134959299696,41.3024057648493,4.80478003001328,46.6279475750136
"658",0.280202132130417,78.7638734839264,44.4508761209602,1.93472666398134,33.2250150496891
"659",1.00185589212836,116.860232374032,63.8382575364554,4.33118992536981,50.9251927495392
"660",2.0714643827148,78.8285348600011,48.8786222308605,3.70554757105889,35.1561394199306
"661",-1.40355002720917,108.081938504915,58.5138894122009,3.27659071767714,54.3941251935702
"662",0.935002770522733,122.822703293758,61.699288362434,7.09204394391825,65.8554468085286
"663",-0.185198363543164,91.1138486742092,48.9786696257816,2.07834430952719,36.3883371850079
"664",-1.18728163584543,90.2487685419452,47.4495393451939,0.484257595981176,36.2364872057701
"665",-1.33902850749363,78.0845891492187,54.5550382437831,2.81248048077246,40.460851570967
"666",0.0906376288863148,90.6250193237182,60.9293346215386,7.04631115543021,42.7304013766526
"667",-0.787822626485665,82.4992702955562,52.8564543889171,3.57412333138257,38.1630922335291
"668",-0.877321812700919,90.2725851129317,52.5175117001748,1.6275214274562,49.6911403357744
"669",1.23151629873628,82.87853666802,27.5400608334312,1.95785418723586,44.2945551322268
"670",0.33532326526256,90.5267132620152,67.4399952198309,5.68807369637774,49.7986912222431
"671",-0.0762111732242161,104.880816801502,37.8042310591917,4.43804453348324,42.6786631572439
"672",0.782904008904088,110.171209647445,51.3644257060485,3.72728359254205,64.2720537389187
"673",-0.115298093383384,84.8532450732523,52.683359607872,2.19157002736449,45.3781773903532
"674",0.0726052123482687,108.87379593479,62.809413655254,4.91028484359442,56.3301691006941
"675",0.211293479379689,105.517145894802,61.7123580876799,5.85303612004502,61.8173536574258
"676",1.7073117418168,106.822123847134,63.4831912312875,5.3853057197985,58.7924513263042
"677",0.668688550404985,86.3247172176646,53.047342855368,3.34622045725347,43.6480186428966
"678",0.858484548343373,105.621568997319,42.2109099850397,1.26754802444987,49.8572809087027
"679",-0.45576777147097,103.29495040702,52.9343719587474,5.09637480603267,45.6629284655696
"680",-2.00364204104136,104.023626234882,68.2594135505563,5.36531980157037,53.7479266631118
"681",-0.288450857733567,90.9752512586939,45.7993310911568,4.02953131139004,44.4935391447441
"682",-2.04013791183203,81.0742423490211,49.0486936119718,1.26893380204195,30.9515834323269
"683",0.96472944063023,112.877483167379,47.3919301701446,3.3195582006115,58.9449458166229
"684",-0.731275740490836,76.0126482505077,40.7869805012932,0.550118472302485,34.7196541394638
"685",-0.0156166841396196,105.053665319732,64.6066259205177,3.22029434991015,47.0954795675985
"686",-1.21124146115507,93.3042363245974,48.3455690546518,4.83639864975713,49.9801014250398
"687",-0.533566881425883,99.7360335590711,41.47083074939,6.23359566356119,47.8363513451719
"688",-0.533535634887148,83.7298054361098,67.3488409830526,5.14371146322199,39.8417616619405
"689",-0.884579671487031,107.053595189025,42.3905419442275,4.0000225318082,46.4822298274422
"690",-1.19970174936826,87.6482642111017,48.3372563369557,3.02255943670152,39.399959728061
"691",0.0334574541471517,75.7091940861901,40.667147126445,3.6070614380959,33.4052808607424
"692",0.235822341117955,102.031213879576,45.3914256801293,5.40105818182773,56.7366908391186
"693",1.11194725468575,111.435111715128,55.0689825395674,4.84472653683707,58.199142474903
"694",2.51976500558861,101.142454026105,47.2911028762821,4.05610328244186,49.2999006173698
"695",0.638888397377577,106.629006730221,49.6452052299357,1.13347221572127,41.4408548952652
"696",-1.84027237774461,93.6151597222638,43.6585806937711,3.9507358921338,37.7532007006606
"697",1.67361668210677,124.383013323531,43.1054787612214,5.60020315618371,55.0461397357856
"698",0.676627053330895,107.236333507688,62.6113329107015,4.97615577541951,60.3714660643681
"699",0.803019880573689,93.2313073006539,40.937215422079,3.5021240319804,39.6635297008596
"700",0.361529118167268,94.0419475116492,39.1904103904216,5.01267417872428,46.145441072994
"701",-0.262023535034897,78.8678067206837,30.1450482979252,1.11788893688899,40.5337947094054
"702",-0.0609970545098946,117.389976223148,35.2883235981075,3.21545158826538,59.0944516478268
"703",0.304230906840839,98.9354148316112,47.8486478334436,0.131910830851056,41.7411976759322
"704",-0.656627401465654,85.0612321257448,52.8050453987224,2.01845209784491,33.7674122992136
"705",0.0645969318549695,112.267990765303,60.8221110570212,4.80658260209515,64.9298464628184
"706",-1.66678531335709,77.607042332584,33.1423512303089,1.12387173938053,34.2030905511383
"707",0.75286909722632,110.48528643059,56.1010164372893,5.14087160729804,60.7835526601065
"708",-0.983363723957843,103.977516312879,49.4301960666789,-0.527952626169797,43.8165419254044
"709",-0.118364432018734,102.029487562912,40.6896236938125,4.03249602128306,52.8554959061921
"710",0.242411637611964,108.395634513041,69.1418171145689,3.44100807375701,61.1995421486613
"711",0.963244177842385,101.45383765547,33.0564093116795,3.82845667711776,47.7209386870661
"712",0.472453000070814,116.28651032164,42.9894793761758,5.98138387608177,70.1379369947306
"713",0.954633723177366,80.1582629146653,54.3141945507919,3.46878816022053,39.9252555805731
"714",0.442795704424415,88.1968220823206,45.9493798011975,3.52963371670995,43.9019236436973
"715",0.26359134585881,93.076499565881,59.2467853434116,7.23405962784647,54.0677288738056
"716",-0.196307615325958,118.216178440756,73.8987088803088,6.33260265412967,53.4896049094676
"717",-1.42624510489099,62.8675030912041,58.8378668421851,1.62198685663158,36.4235827830338
"718",-0.835515965617488,117.535003181944,52.6251843665569,5.68194617999363,51.6269525704995
"719",-0.762195506491467,88.4307127284921,36.8012178029041,1.2900342252066,44.7739107527077
"720",0.908958208400178,128.696252921732,50.6112582450065,8.17934158738722,67.2522267228312
"721",-2.26468667116657,88.9871397444171,53.7960949878978,1.92162891853824,46.9502959770988
"722",-0.247337431390034,82.0750436373594,47.0234774031925,2.00931732261033,32.851809107819
"723",-0.465054202761423,122.733835824762,45.1214510106964,5.68370508743931,56.877718407625
"724",0.750410037864053,114.246720468491,57.5102335787782,5.64454572014249,53.6125487788628
"725",-0.199643024675449,97.9322798356414,48.1481273280224,5.58348784715438,44.8579433303388
"726",0.596432000637546,98.6209711493901,63.5843305180401,5.7152860882113,40.6164772434979
"727",0.860069878350854,103.046457809599,55.6220517294423,5.21333800428324,49.3318327495811
"728",0.299278876991711,99.7269305627695,60.373731204186,7.50854103557444,56.7015745433259
"729",0.38398350363075,78.09478884664,36.0206367332839,-0.26718065864043,27.3158821356553
"730",0.264652101919783,112.08848658416,65.3060384266265,5.52241892274914,49.7413119549043
"731",0.812948039354162,124.455827760236,51.262350573906,6.18928853644681,61.190736010272
"732",1.98484432440369,114.936737569347,53.9502391492889,4.07919449024542,47.7669926548829
"733",0.045077466974384,108.608716002319,44.2055940111844,9.64472675353328,61.5651700243419
"734",-0.0728058048287182,85.3990312497415,46.4510059581264,2.62130439023364,35.5951112750399
"735",-1.18801861116313,80.4701678662489,38.560060930502,3.72263565145805,44.2344660726063
"736",-0.524950493762393,115.361525078454,56.8073826052234,4.58553302951728,54.3121382152367
"737",0.576542580297366,85.8904105143478,27.7190844837834,2.58563701471458,31.5615177957242
"738",-2.04384400158347,118.849984964694,45.1447540783316,3.35895949564054,55.248610979745
"739",0.0487902497930623,96.7973206903904,45.4499032264169,2.97931467071559,37.2504339192558
"740",-0.77398344159414,111.467980271334,36.9294468773865,0.155566609215928,43.9191089831753
"741",0.133145929706186,128.811260039675,56.6971274216547,7.02864951485141,73.1874492210821
"742",0.0130468918146659,97.3565793642809,51.9888315988503,4.00643831161757,41.3547664645571
"743",1.34650161828177,128.76488427561,43.8293289874296,8.21273499073039,57.1617784833881
"744",-2.13343106043986,81.1961593456762,36.0789336536224,0.800768824753384,42.0135245615722
"745",-0.664477432559892,94.2984912034816,63.3594119116296,5.08607134448686,41.2099594119542
"746",0.246106597232115,96.4169815050162,47.3651469063806,2.85688564234848,40.2261603419389
"747",0.384573667326795,121.74065768207,37.4016208949236,4.45933701144357,65.2952952948811
"748",0.906554304177129,129.630092574738,70.0417597591475,6.70374622014111,74.0519451525384
"749",-0.176587013711412,93.2531188336079,44.9691364365076,4.17386990998523,47.9691930699656
"750",0.631156611333117,142.358764475045,62.1113227683579,6.98602953753928,76.1598683277656
"751",-1.45181167676465,117.439295005976,44.1118604265201,2.16956714239726,52.578949994837
"752",1.63905551661581,110.152348674644,66.1280658827005,5.86091122313273,61.9264461084423
"753",1.60690791752794,108.249014750546,51.0421724827809,6.30433776013123,55.9708886645952
"754",-0.10275575134829,95.8017601571819,51.3282319001219,7.26100975378159,50.7205944543677
"755",-1.45663555840666,121.945920821562,55.9609153611208,3.43116747795911,49.9433553383553
"756",1.0305725768993,115.13796342243,59.3740859674808,5.58058355237694,62.6963759647641
"757",-1.87108372792814,78.5201277465415,39.5101154142445,1.06527193742206,40.9636700647503
"758",-0.521400016888393,78.6697023086856,57.9548009284245,3.69044916112645,48.7777655673714
"759",-0.749854471110855,78.1558442326465,34.8053689748463,1.36455794460795,44.1919842647179
"760",0.801347125102934,87.4797709933425,59.8108865004309,0.394200181907774,43.7376401968339
"761",-0.280497899331855,124.255812473492,49.8756011006609,5.02339722033366,57.8665879029747
"762",-1.5330519130505,83.3316499699705,34.8439088319156,3.7482775643017,39.1989043979268
"763",-1.91747768914689,115.852725865885,51.4036246611772,3.53808928863219,53.8254314050104
"764",0.595712665236783,126.069302615416,38.520817716051,2.50681057065,52.1723684457912
"765",-0.656053856034639,87.829366440458,44.3476240483886,4.79200052632915,58.7120557200773
"766",1.0218155604429,125.14777102465,49.7833720899964,5.84196112312395,70.7641517423747
"767",1.20920331504203,104.457119138057,63.6822889592791,5.57261842641008,59.6565437284568
"768",-0.335507804856982,89.5383410331013,46.4323449781544,3.38240830586822,31.1106694254503
"769",0.774285760420954,103.779845910273,51.5147910351868,4.25334841749304,48.8453341789601
"770",0.727673075598982,117.424863764472,43.035641678112,1.56883951544434,52.1160345432989
"771",1.27520595593112,121.301825607448,36.0996140760858,7.59382150963816,74.2355773901662
"772",0.742102718018262,100.053246654399,70.2963240680953,4.96711438131717,58.4518215371105
"773",0.111283811720075,124.152052847357,62.2667411069643,4.82348058456171,56.9677772956665
"774",0.0435808769610408,102.210880220825,36.0217198951023,3.49069898949067,57.6889308413484
"775",-0.0117772918981662,107.937667292893,49.6369389014868,4.97085992865416,60.6282983842079
"776",-0.796001085961665,95.8624695323158,40.9902532738433,1.22234651629615,46.4820441938681
"777",-1.38521513331182,98.5070790771639,55.1848503375933,3.20951737284991,37.9981639765249
"778",-0.434036415239399,95.344945076074,48.5029413783384,3.53163525255988,56.5371021301749
"779",0.194372601130002,87.0770547217259,48.259077584351,3.47027202378421,46.8690512229017
"780",0.422310972848772,106.349461428102,58.837726801102,5.79954697396595,58.8689720750309
"781",0.473067241900435,101.171168130759,31.4949349342815,3.81490413903537,47.4135221590147
"782",-0.262499226334474,86.9861614555118,45.0439176402297,0.963696236164026,47.8119229677465
"783",-1.33012063183153,87.5996104887037,57.9370468542685,4.35680326011776,48.9719768149983
"784",0.640241741296201,100.728792544947,48.9765345514579,4.72167013016264,54.290951123546
"785",-1.56599754904387,80.146342764403,31.8696670946559,2.86557540583918,40.8267677459862
"786",0.526561253814856,122.294871149534,61.1043819662907,2.6133529188524,50.9686131719644
"787",0.281400222476991,121.397837269054,50.9421638749569,4.90414761112943,39.9108457011439
"788",-3.69546391460604,74.081718113055,48.5394082124422,0.57213388956266,32.8831094112943
"789",0.183244188323361,94.6655306181164,54.4686061108785,2.62753852648398,51.1838390922054
"790",0.64211727111578,116.836499966288,66.999964699374,7.16794068414294,63.6941591063843
"791",0.196695587996561,112.041991635801,50.2216479418319,6.11937983222097,52.5375796939701
"792",-0.480813090217794,87.4749547845141,43.9125876553941,3.4581622952659,29.6346198880305
"793",-1.45528541938487,88.24018488926,43.5858460923182,0.532598135848361,41.9593029051982
"794",-0.218105938185924,95.2140920052753,47.8527549249002,7.8855491678889,55.4308475867655
"795",1.33840339097991,96.9618583479327,57.9887848661592,3.85520311173935,63.9719814924833
"796",0.797535399456975,122.626831919131,64.2770936657148,5.38965252411086,74.1051084888032
"797",0.853178243126185,80.3575321951847,33.0769822683953,3.67323674053536,46.1526346865919
"798",-0.747255480893971,105.323607340541,52.970345279779,3.45873678260512,56.1804643724661
"799",-0.839644907017628,99.9651955683758,58.6323511979093,3.15194585316981,39.3159999607194
"800",-0.388270182084559,94.5617807828043,59.5474759511884,2.45601859820509,44.1931029162777
"801",-0.727489576888742,80.2016931123746,45.6402208864428,0.414967945862169,35.0895239600904
"802",0.191999200887801,91.5032694532942,73.1975907873241,8.15522809798362,56.6907135538949
"803",0.247834961994586,100.994879634826,50.6776197044867,3.30559282753051,38.764096900381
"804",1.17672542897335,100.164097122396,30.43300941505,1.7171730496368,53.1918169110442
"805",-0.307360532432683,94.9639751148473,46.9661350354281,3.72932392261311,52.574278121626
"806",0.202162760597268,103.631493160874,41.8724073791281,4.01011561713368,48.8797359661981
"807",-0.224098507313289,81.9391849114461,50.5122354796472,0.558115023149062,27.9078377853162
"808",0.759297179817934,98.4653588116376,57.9055997917096,4.38199391008447,51.7145255549547
"809",0.764945695605449,106.903977764695,47.127162845726,2.2532232365592,53.6004739066856
"810",-0.303076141965735,110.666437790575,55.6809728696357,4.28441684842356,40.3109645267178
"811",-0.329339985012382,104.177675003246,36.8685346497097,3.33478887887679,40.2339888107413
"812",0.983911447235335,89.0792127445442,45.686148250529,5.39301097908348,49.4155391916359
"813",-0.06974975846359,101.195936462769,57.1965402222707,3.39514093486394,53.502647535686
"814",-1.23108270382849,81.4296926462926,44.5265522329286,3.77256757349441,38.0710794443446
"815",-0.252695141905951,128.625970774013,26.0296788461459,3.23819497509985,72.823421343994
"816",-1.76667489602902,103.999031190037,41.7119631916048,4.189782137745,48.5898807373875
"817",-0.642928048248602,92.9334953079721,41.3034522187498,3.16379122143256,43.4962642457592
"818",0.826907707566963,95.0209105961316,58.3699093127112,6.27804499990481,60.6931715316653
"819",-0.483877675332432,72.9646230449094,49.1048287613553,6.64128188372834,49.749084878633
"820",0.368841125753201,100.384826898153,66.1766065338174,4.85581335156847,56.5861806466194
"821",-1.76932405828065,89.0241315553867,44.4919072904401,1.46489311080291,34.9825495190669
"822",0.548432355206852,83.6200244514881,32.9115783727885,2.46658022906152,35.68966110239
"823",-0.805131919844445,82.2031188670287,50.6006276673959,4.10505040744285,30.1355942022313
"824",0.360613847727327,109.753410359093,48.4108291403748,5.01480900294368,58.7037169004051
"825",1.69058058875865,106.687330593641,45.5295213459976,4.91728332018743,39.3364033401294
"826",0.991280124095003,124.52853087971,55.7177213402081,8.14698844615962,58.1844979070603
"827",-0.883359197720262,114.838264886032,53.5354017494605,5.73180269931164,61.9913222889993
"828",1.23735073713633,78.2286399786266,54.1402590660472,1.72335898519409,39.5304586985052
"829",-1.65473612648801,84.0162072931291,45.7834730588939,3.10820302953608,42.7774628313927
"830",-0.213178510397528,127.262791674653,56.1135607101629,2.97717839397995,57.3821675174165
"831",-0.452119987993884,104.826185523,52.1821362378766,4.54935836599033,52.5146301405578
"832",-0.348846600927728,115.282792515834,54.0809607141914,6.1558944005361,62.6379035629682
"833",-0.157840262511684,95.873201447859,54.5220305605948,3.87103381693692,39.9776278698169
"834",-0.141861723308055,105.494647901667,40.5673594015979,2.89905314689884,51.8110879075297
"835",0.368066154580059,108.265521097742,45.9473615023605,4.26383726291393,53.3138634566466
"836",0.60661734876275,110.077560593462,47.8845999126913,6.64876402968665,70.9315653839768
"837",0.659116794953716,130.153961613459,35.6193740344947,4.17748379981688,73.788372096095
"838",1.22879858800385,114.725289393253,62.4286902231685,5.19882072436236,59.0600811115649
"839",-0.792576350870029,108.056791888579,51.5461779783675,2.05673474107016,49.9508691232051
"840",0.233427703234299,92.206523285252,51.3199390333614,5.02174677102481,50.8249247704732
"841",-0.282287883916842,83.5115487904958,59.904098856613,1.62894974105103,41.6585038209827
"842",-0.0884669949784112,86.8664187656775,45.3457526037709,5.52460146608935,49.3206375607201
"843",1.0623220859141,102.560318526144,62.0586848620251,3.44058023391938,41.8402492361124
"844",1.1484427256871,134.64289207382,71.9158084282499,9.19570386282851,64.3388930299436
"845",0.0542101004387258,116.678948539924,58.2554141442019,3.6336265784505,46.6671842626252
"846",-1.18323974020875,84.7051482618346,55.5291950989765,4.32017837362853,52.2931746666665
"847",-1.47319548081808,89.0416287793575,34.9862472397218,3.92033188564779,40.2155831626415
"848",-1.38692503102198,66.6659684924853,45.1134846708512,3.03986567775258,35.1709612464623
"849",1.38787871989395,118.856347568408,58.7525886520041,7.19317596700578,61.6340556478203
"850",-0.93435439516429,97.2530547461852,69.8510171433907,5.60910951438412,65.5264376510735
"851",-0.548800964147538,85.9971286705531,45.429564479364,5.24596877864346,55.5277535134181
"852",-0.0167007118044441,111.165126042166,45.7016661921874,3.11867963170548,48.8699543336137
"853",-1.18212954210318,85.6577192695345,55.2994049399684,2.76421412866988,51.8603434438874
"854",0.0132698020797234,118.582956165526,36.391208261862,3.01875504347168,62.2433439506025
"855",-1.7719381191584,95.9187215528809,45.2300985154989,2.11269705952956,51.6323481372646
"856",-0.606998981026458,77.2566385842576,36.8952851706351,-0.731274907396503,34.6566051524321
"857",0.250457440559015,98.4749082737189,48.4654854361566,3.83350929383824,50.4837539619731
"858",0.382233729398618,93.4630066975399,49.518395829138,0.903079931813786,42.7197428565613
"859",0.477514444136896,110.150627784473,70.5890166356764,4.44852861824926,50.3937494685451
"860",-0.00563472443082347,97.2937475633346,41.972738378548,3.03422736813938,52.3540781358126
"861",0.321199303459159,91.8338476976626,52.8340895813879,2.03663243611136,43.989274579254
"862",1.34485492660611,111.059232787147,59.0785457460187,6.23706345925896,50.4616253504867
"863",-0.344520264215131,91.9764919820494,53.1279937487373,5.17614173677618,49.2188994906193
"864",-2.03512428309861,105.89159822567,49.643745475031,3.52092708009495,49.3058336817744
"865",0.0276835591138216,123.387850001491,62.644730773382,5.98712102348416,68.7892996532192
"866",0.625559714127695,111.005548686153,50.6522941795987,5.14471290475772,50.8972984798448
"867",-0.285950949967534,107.312534105238,48.2375218438237,4.68239301348924,56.4899994090231
"868",0.48783580390885,110.91787340394,60.518516365193,5.98406751436754,54.5106943493682
"869",-1.35915146739667,83.0064569494163,60.1765835904468,3.91919767948198,42.5313229420535
"870",1.03383854935522,108.129166010073,42.8426734300175,5.72412785388304,52.5441116689697
"871",-0.618119825274128,81.7594585495158,33.7031516929957,0.609527161992969,26.0940251849327
"872",-2.19121607738152,99.5260109510634,40.9141992783995,0.735649521436695,46.3721701355299
"873",0.68990633637434,101.975975379199,60.2400212841384,5.2369550457933,64.1384678977582
"874",-0.528701045302138,80.4758723848336,32.3258153387553,2.1329193258037,28.2044784070881
"875",-0.827155135454525,74.9502532140945,52.4123918990681,1.95803151946094,40.3888384656167
"876",0.616183160199198,135.870528455578,61.259258191113,6.82322433891887,69.704390755161
"877",0.899961759479254,110.134429768394,57.9045954018271,5.14873361044233,57.5131044017414
"878",0.955093497089658,117.280145935131,54.3908967825396,9.09546606562658,66.5308608820461
"879",-0.0298549407048407,123.545750701128,43.9885048976805,3.83083118331884,54.1336936081431
"880",-0.111004619195229,102.318054595922,59.9987122102368,5.7262795024608,62.0925422227926
"881",0.118957160948594,110.983242036529,63.4333420789675,5.6405344155825,58.6502757779616
"882",-0.697722918835665,111.636225679904,65.0946772486327,6.0535300116703,52.4730902680195
"883",-1.20764291973121,94.8834120424554,40.0165484543488,0.977139580239344,50.4614702957447
"884",-0.252251462463472,118.390721597154,45.8530908416414,6.35227589487146,67.2913210795623
"885",1.17808725594742,113.513542087129,41.2963037344543,5.59621520266282,60.9693335201915
"886",0.951511084511924,104.769883180323,46.6093276653074,4.66347171984004,54.5401607921246
"887",-2.18178099442237,86.3293891826984,50.0850312731295,1.58197733631524,33.1213143304096
"888",-0.0768152642929273,105.103688632965,43.0972747225791,5.89326105760705,56.2741645746641
"889",1.46960528760976,95.2174164295269,42.2780021448687,2.62266364950439,50.0149970213552
"890",-0.909482571773093,86.8329190619833,26.3321625002563,1.04351048371387,45.6923676247345
"891",-0.337206452081626,91.2503088909616,59.4203680373339,6.61658951162436,42.5932734137827
"892",-0.640647397250751,116.780792823546,39.3638360754666,5.19770913091737,67.484437907996
"893",0.216286425302061,83.6469311014943,33.9002766917324,3.24220312527239,28.2351983449697
"894",0.763434274857263,98.7924172001158,46.2438103838305,4.15129248898034,56.6872711622485
"895",0.522658934097919,110.213705115341,61.3766210691469,3.85762841878442,50.7224156486161
"896",0.569603341246235,113.816881582714,50.9550530576431,6.33861957107771,61.8634679139454
"897",0.382274619479939,91.4674231173366,44.1048059610362,1.62591224245222,44.1868595685817
"898",-0.174991551965994,121.245710240524,52.6604174461374,1.21562292434943,62.417758620345
"899",0.0804087231962354,114.627802189693,43.3175594845202,9.03653406830459,58.2683577752823
"900",1.12451898190703,109.397284948115,50.5976635238531,3.99798603372442,55.6498553477159
"901",-2.75302751637607,79.7735157093084,60.3539404182449,2.84128430187858,43.8715525532853
"902",-1.00664414656508,89.7788737952374,39.1929163090344,0.294458177805507,43.4920078069856
"903",-0.979058339164755,99.2856545915272,62.5626882770537,4.20629462578181,46.1094622927876
"904",1.48240063749229,109.689151299816,58.6090031004477,5.98761501966466,60.3879238423886
"905",-0.108229758680437,101.651695123266,59.1449926353057,6.45868633107802,52.2165524358393
"906",1.39775099650972,95.9919780172476,47.9389815318567,5.3644974870254,49.157550015267
"907",0.0414876637936726,118.317849093955,54.573415157909,6.89072478711078,60.0206182364025
"908",0.661327845632853,114.975682023037,60.557288385251,4.9480142836806,58.1614483624259
"909",0.310665535158987,67.3709547462169,37.3185316932323,1.05493310956109,39.811381369377
"910",0.747861469089563,93.6938833010851,58.2574325077706,4.37867735171983,54.3401638877506
"911",-0.503569183308714,102.34646486735,39.4375618521629,0.71311689736134,51.3621163638858
"912",-1.0799750021761,113.136783557973,62.7870482214215,4.84038832606526,55.3756464488076
"913",1.73767757652957,97.1330989208589,49.6358703470652,2.80806027877525,46.6154123263284
"914",-0.431815527180991,98.9502618706925,46.6328680207742,0.802360425880686,47.8349858489968
"915",-0.578281524682956,95.7262850852619,57.0042690566668,5.79252255001388,52.1099195999239
"916",-0.856693688532207,91.7455738576511,46.8754132901173,4.87916221849832,51.437089125095
"917",1.08169616492071,108.225971385481,36.0906436472272,4.84815612537855,49.0093066650515
"918",-0.790820198585523,81.6693239108795,56.628006757191,1.09197407883234,39.0591276394152
"919",0.408549434993323,85.9590439371273,55.1692629236696,6.12518150459683,39.4972134276163
"920",1.0199346905002,108.803518952803,60.7090854675765,5.719192604603,51.6695609703891
"921",-0.254801124478895,107.187515447377,57.5491769521649,4.29102661037067,45.024560602314
"922",0.257292605417977,114.365429255802,61.7006499459176,3.75673211987793,61.2319909963611
"923",0.0622984441710007,108.943832109671,45.1789757176065,2.66923123020666,35.9976190041997
"924",-0.455543709474733,109.98255110424,47.8941520622737,4.68676064991824,50.1104911541287
"925",-1.3614414157975,90.2316344435163,51.2345396103324,7.31464856704545,51.1651872063757
"926",0.992411564103659,103.752368570191,51.3112198760891,4.98225711036052,44.6599294518079
"927",0.646439677160704,112.081889899342,55.1465628007735,3.58318285226331,53.8713431282212
"928",-0.636240862079753,120.031401199182,47.7777885711414,6.83113315746864,64.5611688841469
"929",-0.367743123421041,91.3358964906846,60.3423204271565,2.80110001799188,55.0101793766098
"930",-0.743989456083109,100.357941675906,55.2457446785626,4.0408541029388,56.0781986310438
"931",-1.65801396085499,78.3337595473575,28.4576135355848,0.942130504133319,33.9335917814938
"932",-0.250911812476052,106.021936710327,36.1967102103187,3.17163013365355,54.7887030184314
"933",1.17398437180737,82.1970824739242,59.1677880736806,4.60620032652295,38.310871463537
"934",-0.633680557660558,77.5299759563992,45.8289551670858,0.783932578379428,30.0128435988995
"935",1.19097940848276,108.74726343325,53.8120107938138,5.98391322625802,58.6982610669901
"936",1.32736253464522,118.433919552846,63.1734930666251,6.67743600696537,62.3997108223772
"937",-1.57027364108537,83.4986503362756,43.7325254273806,0.325130091581585,39.250137367836
"938",1.04634365013113,120.482828168979,39.7465112040616,5.78180655673419,64.3058145911387
"939",1.0665379793767,111.848317548428,40.8741194651977,3.96976849497558,50.343982750511
"940",-0.940155278415098,97.6623543393644,62.0863493379055,5.05679843264407,42.1889093938886
"941",1.4676296587075,98.8635476859521,30.3694939945563,3.58458378192812,54.8168111629076
"942",-1.29105405087455,84.4780699633175,55.2864704656304,2.24188321584162,34.828521568925
"943",-0.251202552785833,88.0468796012398,37.2631412052921,0.691213825892792,41.435413539778
"944",-1.52236784208154,98.0716103742937,51.3423313512098,2.52738355260328,45.8549037336302
"945",-0.163429866297949,91.304725293739,47.0822921584394,1.63605121613552,49.180902706443
"946",0.0778400044997142,106.165276667808,58.179049799414,4.9996158626089,47.5222022598136
"947",0.151371713559522,99.3429190516355,45.2608498815961,3.60774288320933,43.4454565660212
"948",-0.123835080924828,101.627630012435,63.1495042392215,3.4163111076979,46.5310227260494
"949",-0.291832667904169,95.2095695319033,84.9585596445593,5.55684690597064,50.1160349831776
"950",-0.753561801474258,100.055252203563,40.9905442135807,0.824259135415132,49.748737032669
"951",0.311918083280279,56.8958917177607,43.5261344868321,1.89170318927824,31.4740380666171
"952",0.710069257053968,86.4469452236556,46.9272276243375,3.87894711933015,46.5729981609725
"953",-0.971798300489085,97.3671443918848,50.8192504550705,2.39732531445257,46.5932573000493
"954",0.137466898398557,105.41110610631,45.2182999259001,5.86765895145413,60.4447594611693
"955",0.5667122521254,119.688086421383,64.1895181355297,7.05690734556217,51.2157529144091
"956",1.31328855017294,110.691532864337,55.283208983579,4.61901518813923,55.7932345122271
"957",-0.640476983490495,108.705050324909,60.2649477412364,3.004450275427,59.5342901570495
"958",1.09590464474057,85.7076829811638,53.4402186734394,2.94901036444597,45.7349282596661
"959",-0.869032412216,116.28305043848,44.4056555064583,3.66871148943821,58.4588092465993
"960",-1.45029593115289,101.046455804401,36.2168216873456,1.05905594704699,37.3341928556142
"961",-0.138376909266459,109.74778875591,27.4379199761726,2.19599068214561,53.6820089058541
"962",-1.4362726065655,83.1033663284639,58.9938480113309,3.50855794977111,37.2898810932307
"963",0.16200023675614,93.8193200553031,43.149954225691,6.98476320086103,47.7827004491923
"964",-0.245351922984717,106.931661174673,53.3497562746691,5.99407603566895,55.638419453734
"965",0.433364869150693,107.607894385207,45.9839671925146,5.93809492418322,59.8138271074191
"966",-0.157430898849903,85.6415222295106,44.0332371238161,3.36365701921266,45.4463036546767
"967",-1.46686334967457,63.2002242534415,60.7992501488293,2.42137774832006,34.0813214370463
"968",0.562304024549194,109.860840116102,55.4031332848084,6.19090148579227,69.1603720151771
"969",-0.0649274542638497,86.4690006437637,43.5808471524945,1.82308137997785,33.7958505359347
"970",-2.21353458488266,103.82840858435,44.4782970815025,1.27605146774449,43.2987454592271
"971",0.325190022254563,95.1058750886817,58.5762293162046,3.86642960677122,46.547388459976
"972",0.575972795246118,84.3618621654733,43.6671648434526,1.88050216823311,32.9488791583009
"973",0.0661425030007217,133.568467016721,27.5100361010171,2.85469695511125,63.8494745656191
"974",-0.496891879627779,97.3002127487487,43.0314803530025,4.04942873442507,50.9327664357896
"975",-0.237759942779211,90.3001934392313,53.7286303677396,1.79791836521787,34.6537024237712
"976",1.28687408935179,96.5562348311058,39.7607932125685,8.56344082087237,64.8976518286732
"977",-1.24818900332186,84.3873488529939,40.3615407725017,3.46011649130849,35.6771986037738
"978",0.0321744987325333,101.933356758579,63.8760162010774,5.38908204861696,55.8392560451291
"979",0.998784393588022,102.647617471105,76.3585511674878,5.36254083094482,59.8180084461492
"980",-1.20004791958503,87.2384233672486,43.0074139544669,2.5420339450348,29.2802359279671
"981",1.44016851819163,127.352252736122,47.2135232976384,6.54412184655176,63.0256025299195
"982",1.67621447387675,108.290672036164,50.3995549629952,3.10787525375441,50.5603840824427
"983",1.0568433421866,91.7232014431926,42.1226987984987,2.18241968555082,59.4336794850866
"984",0.567100560383612,117.849133534092,62.6368935284279,7.04035270162801,63.3381859735651
"985",0.416712538206825,96.8407848215024,46.4080446767501,3.12357232748613,50.5729655301701
"986",-1.39528449734857,91.6926695276234,22.3540059842356,-0.0282270253936847,26.0771343127084
"987",0.632260760375165,109.279047957537,59.1136039765203,7.14360057621709,54.981647517756
"988",0.773139068219168,99.3834111275891,51.8930627936857,3.69324024709539,44.3627379586559
"989",-0.541492926830153,112.702559641788,43.6786307385522,7.72281623554583,61.0728707330443
"990",-0.382638768526755,103.581264133765,50.5462930994952,3.776322144412,59.379603787423
"991",1.50770807219092,107.116000532897,58.195498778436,3.34976887655763,57.0780109494853
"992",-1.56991575383944,102.549354769366,50.4336031548717,3.44559494314238,41.8734644369389
"993",2.03895908250956,108.195954420527,46.5263037626428,4.52907504595007,60.4017075496356
"994",0.941143088270478,129.476293551225,49.3358196511774,5.21609197879622,56.3405257324327
"995",-2.95128361025135,92.8106017165146,50.8336208143731,3.72201925497842,49.9821381223452
"996",-1.65105405024195,88.8938980181137,37.2897203251828,3.94265602823434,43.714713544933
"997",0.867461630709873,126.217322505997,60.9445784593381,6.11990076875705,68.9144212723101
"998",-0.488682023156965,94.8667476768357,39.8749093339873,4.98025813149623,52.1719198687933
"999",0.878025282895915,97.4714348952521,42.5905044519891,2.92576323667752,40.1400693960742
"1000",-0.274945945401838,87.0280550634094,45.7386148464836,2.06497116120668,34.3569531542759
